corp_name,시장구분,종목코드,업종,상장일,결산월,지역,corp_name,corp_code
종근당,유가,185750,의약품 제조업,2013-12-06,12월,서울특별시,종근당,"""00992871"""
신송홀딩스,유가,6880,산업용 농·축산물 및 동·식물 도매업,2013-11-21,12월,서울특별시,신송홀딩스,"""00136402"""
아세아시멘트,유가,183190,"시멘트, 석회, 플라스터 및 그 제품 제조업",2013-11-06,12월,서울특별시,아세아시멘트,"""00990165"""
현대로템,유가,64350,철도장비 제조업,2013-10-30,12월,경상남도,현대로템,"""00302926"""
한진칼,유가,180640,기타 금융업,2013-09-16,12월,서울특별시,한진칼,"""00983040"""
NHN,유가,181710,소프트웨어 개발 및 공급업,2013-08-29,12월,경기도,NHN,"""00983271"""
JB금융지주,유가,175330,기타 금융업,2013-07-18,12월,전북특별자치도,JB금융지주,"""00980122"""
DSR,유가,155660,1차 비철금속 제조업,2013-05-15,12월,부산광역시,DSR,"""00110608"""
동아에스티,유가,170900,의약품 제조업,2013-04-08,12월,서울특별시,동아에스티,"""00956930"""
지엠비코리아,유가,13870,자동차 신품 부품 제조업,2012-11-20,12월,경상남도,지엠비코리아,"""00495129"""
지엠비코리아,유가,13870,자동차 신품 부품 제조업,2012-11-20,12월,경상남도,지엠비코리아,"""00156354"""
LG헬로비전,유가,37560,텔레비전 방송업,2012-11-09,12월,서울특별시,LG헬로비전,"""00222532"""
동일고무벨트,유가,163560,고무제품 제조업,2012-10-19,12월,부산광역시,동일고무벨트,"""00939687"""
한국콜마,유가,161890,기타 화학제품 제조업,2012-10-19,12월,세종특별자치시,한국콜마,"""00939331"""
한국타이어앤테크놀로지,유가,161390,고무제품 제조업,2012-10-04,12월,경기도,한국타이어앤테크놀로지,"""00937324"""
애경케미칼,유가,161000,기초 화학물질 제조업,2012-09-17,12월,서울특별시,애경케미칼,"""00936787"""
사조씨푸드,유가,14710,수산물 가공 및 저장 처리업,2012-06-29,12월,서울특별시,사조씨푸드,"""00124780"""
휴비스,유가,79980,화학섬유 제조업,2012-02-23,12월,서울특별시,휴비스,"""00362238"""
케이탑리츠,유가,145270,부동산 임대 및 공급업,2012-01-31,12월,서울특별시,케이탑리츠,"""00861076"""
GS리테일,유가,7070,종합 소매업,2011-12-23,12월,서울특별시,GS리테일,"""00140177"""
인터지스,유가,129260,도로 화물 운송업,2011-12-16,12월,부산광역시,인터지스,"""00151368"""
삼양사,유가,145990,기타 식품 제조업,2011-12-05,12월,서울특별시,삼양사,"""00193160"""
삼양사,유가,145990,기타 식품 제조업,2011-12-05,12월,서울특별시,삼양사,"""00896285"""
하나투어,유가,39130,여행사 및 기타 여행보조 서비스업,2011-11-01,12월,서울특별시,하나투어,"""00269940"""
에이블씨엔씨,유가,78520,기타 화학제품 제조업,2011-09-07,12월,서울특별시,에이블씨엔씨,"""00400857"""
삼원강재,유가,23000,자동차 신품 부품 제조업,2011-07-22,12월,경상북도,삼원강재,"""00191588"""
신세계인터내셔날,유가,31430,"섬유, 의복, 신발 및 가죽제품 소매업",2011-07-14,12월,서울특별시,신세계인터내셔날,"""00234412"""
에이리츠,유가,140910,부동산 임대 및 공급업,2011-07-14,12월,서울특별시,에이리츠,"""00860730"""
한국항공우주,유가,47810,"항공기,우주선 및 부품 제조업",2011-06-30,12월,경상남도,한국항공우주,"""00309503"""
롯데하이마트,유가,71840,가전제품 및 정보통신장비 소매업,2011-06-29,12월,서울특별시,롯데하이마트,"""00158307"""
한세엠케이,유가,69640,"섬유, 의복, 신발 및 가죽제품 소매업",2011-06-21,12월,서울특별시,한세엠케이,"""00357360"""
코오롱ENP,유가,138490,합성고무 및 플라스틱 물질 제조업,2011-06-15,12월,경상북도,코오롱ENP,"""00241005"""
이마트,유가,139480,종합 소매업,2011-06-10,12월,서울특별시,이마트,"""00872984"""
iM금융지주,유가,139130,기타 금융업,2011-06-07,12월,대구광역시,iM금융지주,"""00878915"""
케이티스카이라이프,유가,53210,텔레비전 방송업,2011-06-03,12월,서울특별시,케이티스카이라이프,"""00349097"""
세아특수강,유가,19440,1차 철강 제조업,2011-06-01,12월,경상북도,세아특수강,"""00133991"""
메리츠금융지주,유가,138040,기타 금융업,2011-05-13,12월,서울특별시,메리츠금융지주,"""00860332"""
한국종합기술,유가,23350,"건축기술, 엔지니어링 및 관련 기술 서비스업",2011-04-28,12월,경기도,한국종합기술,"""00159500"""
BNK금융지주,유가,138930,기타 금융업,2011-03-30,12월,부산광역시,BNK금융지주,"""00858364"""
롯데에너지머티리얼즈,유가,20150,전자부품 제조업,2011-03-04,12월,전북특별자치도,롯데에너지머티리얼즈,"""00113997"""
현대위아,유가,11210,자동차 신품 부품 제조업,2011-02-21,12월,경상남도,현대위아,"""00106623"""
선진,유가,136490,동물용 사료 및 조제식품 제조업,2011-02-16,12월,경기도,선진,"""00562917"""
선진,유가,136490,동물용 사료 및 조제식품 제조업,2011-02-16,12월,경기도,선진,"""00855093"""
미원화학,유가,134380,기타 화학제품 제조업,2011-02-15,12월,울산광역시,미원화학,"""00855163"""
시디즈,유가,134790,가구 제조업,2011-01-25,12월,경기도,시디즈,"""00852087"""
한화엔진,유가,82740,일반 목적용 기계 제조업,2011-01-04,12월,경상남도,한화엔진,"""00361008"""
대성에너지,유가,117580,연료용 가스 제조 및 배관공급업,2010-12-24,12월,대구광역시,대성에너지,"""00787376"""
현대퓨처넷,유가,126560,전기 통신업,2010-12-23,12월,서울특별시,현대퓨처넷,"""00403632"""
KTis,유가,58860,기타 정보 서비스업,2010-12-17,12월,서울특별시,KTis,"""00372873"""
한전산업,유가,130660,"건축기술, 엔지니어링 및 관련 기술 서비스업",2010-12-16,12월,서울특별시,한전산업,"""00194947"""
엘브이엠씨,유가,900140,자동차 판매업,2010-11-30,12월,케이맨 제도,엘브이엠씨,"""00838500"""
미스토홀딩스,유가,81660,생활용품 도매업,2010-09-28,12월,서울특별시,미스토홀딩스,"""00195229"""
KTcs,유가,58850,기타 정보 서비스업,2010-09-16,12월,대전광역시,KTcs,"""00372882"""
현대홈쇼핑,유가,57050,무점포 소매업,2010-09-13,12월,서울특별시,현대홈쇼핑,"""00412597"""
도화엔지니어링,유가,2150,"건축기술, 엔지니어링 및 관련 기술 서비스업",2010-08-12,12월,서울특별시,도화엔지니어링,"""00114552"""
대성산업,유가,128820,연료 소매업,2010-07-30,12월,서울특별시,대성산업,"""00509079"""
대성산업,유가,128820,연료 소매업,2010-07-30,12월,서울특별시,대성산업,"""01782031"""
대성산업,유가,128820,연료 소매업,2010-07-30,12월,서울특별시,대성산업,"""00828789"""
아이마켓코리아,유가,122900,상품 종합 도매업,2010-07-30,12월,서울특별시,아이마켓코리아,"""00360142"""
한미약품,유가,128940,의약품 제조업,2010-07-30,12월,경기도,한미약품,"""00828497"""
우진,유가,105840,"측정, 시험, 항해, 제어 및 기타 정밀기기 제조업; 광학기기 제외",2010-07-26,12월,경기도,우진,"""01171776"""
우진,유가,105840,"측정, 시험, 항해, 제어 및 기타 정밀기기 제조업; 광학기기 제외",2010-07-26,12월,경기도,우진,"""00173944"""
우진,유가,105840,"측정, 시험, 항해, 제어 및 기타 정밀기기 제조업; 광학기기 제외",2010-07-26,12월,경기도,우진,"""01588107"""
우진,유가,105840,"측정, 시험, 항해, 제어 및 기타 정밀기기 제조업; 광학기기 제외",2010-07-26,12월,경기도,우진,"""01286449"""
우진,유가,105840,"측정, 시험, 항해, 제어 및 기타 정밀기기 제조업; 광학기기 제외",2010-07-26,12월,경기도,우진,"""01708677"""
우진,유가,105840,"측정, 시험, 항해, 제어 및 기타 정밀기기 제조업; 광학기기 제외",2010-07-26,12월,경기도,우진,"""00143299"""
우진,유가,105840,"측정, 시험, 항해, 제어 및 기타 정밀기기 제조업; 광학기기 제외",2010-07-26,12월,경기도,우진,"""01763610"""
우진,유가,105840,"측정, 시험, 항해, 제어 및 기타 정밀기기 제조업; 광학기기 제외",2010-07-26,12월,경기도,우진,"""01071883"""
무학,유가,33920,알코올음료 제조업,2010-07-20,12월,경상남도,무학,"""00121543"""
이연제약,유가,102460,의약품 제조업,2010-06-10,12월,서울특별시,이연제약,"""00145598"""
한국화장품,유가,123690,생활용품 도매업,2010-06-01,12월,서울특별시,한국화장품,"""00823429"""
에스제이엠,유가,123700,자동차 신품 부품 제조업,2010-05-31,12월,경기도,에스제이엠,"""00922252"""
에스제이엠,유가,123700,자동차 신품 부품 제조업,2010-05-31,12월,경기도,에스제이엠,"""00815369"""
HL홀딩스,유가,60980,기타 금융업,2010-05-19,12월,경기도,HL홀딩스,"""00299002"""
삼성생명,유가,32830,보험업,2010-05-12,12월,서울특별시,삼성생명,"""00126256"""
신세계푸드,유가,31440,음식점업,2010-04-29,12월,서울특별시,신세계푸드,"""00274933"""
한화생명,유가,88350,보험업,2010-03-17,12월,서울특별시,한화생명,"""00113058"""
조선선재,유가,120030,기타 금속 가공제품 제조업,2010-02-19,12월,경상북도,조선선재,"""00796994"""
코오롱인더,유가,120110,화학섬유 제조업,2010-02-01,12월,서울특별시,코오롱인더,"""00795135"""
KC코트렐,유가,119650,일반 목적용 기계 제조업,2010-01-29,12월,서울특별시,KC코트렐,"""00797364"""
지역난방공사,유가,71320,"증기, 냉·온수 및 공기조절 공급업",2010-01-29,12월,경기도,지역난방공사,"""00159698"""
영흥,유가,12160,1차 철강 제조업,2010-01-25,12월,충청남도,영흥,"""00970958"""
영흥,유가,12160,1차 철강 제조업,2010-01-25,12월,충청남도,영흥,"""01369788"""
영흥,유가,12160,1차 철강 제조업,2010-01-25,12월,충청남도,영흥,"""00141477"""
메타케어,유가,118000,기계장비 및 관련 물품 도매업,2009-12-30,12월,경기도,메타케어,"""00791209"""
한전기술,유가,52690,"건축기술, 엔지니어링 및 관련 기술 서비스업",2009-12-14,12월,경상북도,한전기술,"""00159209"""
GKL,유가,114090,유원지 및 기타 오락관련 서비스업,2009-11-19,12월,서울특별시,GKL,"""00557508"""
SK,유가,34730,기타 금융업,2009-11-11,12월,서울특별시,SK,"""00144155"""
SK,유가,34730,기타 금융업,2009-11-11,12월,서울특별시,SK,"""00181712"""
황금에스티,유가,32560,1차 비철금속 제조업,2009-10-29,12월,경기도,황금에스티,"""00218575"""
하이트진로,유가,80,알코올음료 제조업,2009-10-19,12월,서울특별시,하이트진로,"""00150244"""
동양생명,유가,82640,보험업,2009-10-08,12월,서울특별시,동양생명,"""00117267"""
유니온머티리얼,유가,47400,"내화, 비내화 요업제품 제조업",2009-09-29,12월,대구광역시,유니온머티리얼,"""00369833"""
키움증권,유가,39490,금융 지원 서비스업,2009-08-03,12월,서울특별시,키움증권,"""00296290"""
영원무역,유가,111770,상품 종합 도매업,2009-07-30,12월,서울특별시,영원무역,"""00776820"""
한미글로벌,유가,53690,"건축기술, 엔지니어링 및 관련 기술 서비스업",2009-06-23,12월,서울특별시,한미글로벌,"""00815280"""
한미글로벌,유가,53690,"건축기술, 엔지니어링 및 관련 기술 서비스업",2009-06-23,12월,서울특별시,한미글로벌,"""00413523"""
동아지질,유가,28100,기반조성 및 시설물 축조관련 전문공사업,2009-06-12,12월,부산광역시,동아지질,"""00178754"""
HD현대마린엔진,유가,71970,일반 목적용 기계 제조업,2009-05-15,12월,경상남도,HD현대마린엔진,"""00406046"""
LX하우시스,유가,108670,플라스틱제품 제조업,2009-04-20,12월,서울특별시,LX하우시스,"""00759513"""
한세실업,유가,105630,봉제의복 제조업,2009-03-20,12월,서울특별시,한세실업,"""00728638"""
주성코퍼레이션,유가,109070,통신 및 방송 장비 제조업,2009-03-17,12월,충청남도,주성코퍼레이션,"""00753643"""
미원홀딩스,유가,107590,기타 금융업,2009-03-02,12월,경기도,미원홀딩스,"""00706715"""
NAVER,유가,35420,"자료처리, 호스팅, 포털 및 기타 인터넷 정보매개 서비스업",2008-11-28,12월,경기도,NAVER,"""00266961"""
부국철강,유가,26940,1차 철강 제조업,2008-10-14,12월,광주광역시,부국철강,"""00573773"""
부국철강,유가,26940,1차 철강 제조업,2008-10-14,12월,광주광역시,부국철강,"""00123781"""
KB금융,유가,105560,기타 금융업,2008-10-10,12월,서울특별시,KB금융,"""00688996"""
한국철강,유가,104700,1차 철강 제조업,2008-09-29,12월,경상남도,한국철강,"""00687711"""
일진전기,유가,103590,절연선 및 케이블 제조업,2008-08-01,12월,경기도,일진전기,"""00683469"""
풍산,유가,103140,1차 비철금속 제조업,2008-07-30,12월,경기도,풍산,"""00684714"""
풍산,유가,103140,1차 비철금속 제조업,2008-07-30,12월,경기도,풍산,"""01876659"""
LG이노텍,유가,11070,전자부품 제조업,2008-07-24,12월,서울특별시,LG이노텍,"""00105961"""
명문제약,유가,17180,의약품 제조업,2008-07-10,12월,경기도,명문제약,"""00121039"""
비상교육,유가,100220,"서적, 잡지 및 기타 인쇄물 출판업",2008-06-30,12월,경기도,비상교육,"""00520887"""
동성케미컬,유가,102260,합성고무 및 플라스틱 물질 제조업,2008-06-23,12월,부산광역시,동성케미컬,"""00679314"""
쌍방울,유가,102280,봉제의복 제조업,2008-06-10,12월,서울특별시,쌍방울,"""00681142"""
LG유플러스,유가,32640,전기 통신업,2008-04-21,12월,서울특별시,LG유플러스,"""00231363"""
인바이오젠,유가,101140,기계장비 및 관련 물품 도매업,2008-04-02,12월,서울특별시,인바이오젠,"""00652423"""
아시아나항공,유가,20560,항공 여객 운송업,2008-03-28,12월,서울특별시,아시아나항공,"""00138792"""
SNT에너지,유가,100840,일반 목적용 기계 제조업,2008-02-22,12월,경상남도,SNT에너지,"""00648721"""
진양홀딩스,유가,100250,플라스틱제품 제조업,2008-02-15,12월,부산광역시,진양홀딩스,"""00646732"""
엔케이,유가,85310,"구조용 금속제품, 탱크 및 증기발생기 제조업",2008-01-24,12월,부산광역시,엔케이,"""00863348"""
엔케이,유가,85310,"구조용 금속제품, 탱크 및 증기발생기 제조업",2008-01-24,12월,부산광역시,엔케이,"""01252327"""
엔케이,유가,85310,"구조용 금속제품, 탱크 및 증기발생기 제조업",2008-01-24,12월,부산광역시,엔케이,"""00908997"""
엔케이,유가,85310,"구조용 금속제품, 탱크 및 증기발생기 제조업",2008-01-24,12월,부산광역시,엔케이,"""00172228"""
한전KPS,유가,51600,전기 및 통신 공사업,2007-12-14,12월,전라남도,한전KPS,"""00159218"""
KSS해운,유가,44450,해상 운송업,2007-10-26,12월,서울특별시,KSS해운,"""00160232"""
효성 ITX,유가,94280,기타 사업지원 서비스업,2007-10-25,12월,서울특별시,효성 ITX,"""00414850"""
유나이티드,유가,33270,의약품 제조업,2007-10-23,12월,세종특별자치시,유나이티드,"""00158963"""
디아이씨,유가,92200,자동차 신품 부품 제조업,2007-10-18,12월,울산광역시,디아이씨,"""00306205"""
디아이씨,유가,92200,자동차 신품 부품 제조업,2007-10-18,12월,울산광역시,디아이씨,"""00632702"""
디아이씨,유가,92200,자동차 신품 부품 제조업,2007-10-18,12월,울산광역시,디아이씨,"""01305285"""
디아이씨,유가,92200,자동차 신품 부품 제조업,2007-10-18,12월,울산광역시,디아이씨,"""00112165"""
디아이씨,유가,92200,자동차 신품 부품 제조업,2007-10-18,12월,울산광역시,디아이씨,"""01022629"""
CJ제일제당,유가,97950,기타 식품 제조업,2007-09-28,12월,서울특별시,CJ제일제당,"""00635134"""
팬오션,유가,28670,해상 운송업,2007-09-21,12월,서울특별시,팬오션,"""00122737"""
HJ중공업,유가,97230,토목 건설업,2007-08-31,12월,부산광역시,HJ중공업,"""00633835"""
JW홀딩스,유가,96760,기타 금융업,2007-07-31,12월,경기도,JW홀딩스,"""00632304"""
SK이노베이션,유가,96770,석유 정제품 제조업,2007-07-25,12월,서울특별시,SK이노베이션,"""00631518"""
삼성카드,유가,29780,기타 금융업,2007-06-27,12월,서울특별시,삼성카드,"""00126292"""
알루코,유가,1780,1차 비철금속 제조업,2007-06-07,12월,대전광역시,알루코,"""00117027"""
알루코,유가,1780,1차 비철금속 제조업,2007-06-07,12월,대전광역시,알루코,"""00139418"""
웅진씽크빅,유가,95720,초등 교육기관,2007-05-31,12월,경기도,웅진씽크빅,"""00628189"""
맵스리얼티,유가,94800,신탁업 및 집합투자업,2007-04-09,12월,서울특별시,맵스리얼티,"""00600013"""
메타랩스,유가,90370,봉제의복 제조업,2006-12-26,12월,서울특별시,메타랩스,"""00442835"""
후성,유가,93370,기초 화학물질 제조업,2006-12-22,12월,경기도,후성,"""01172270"""
후성,유가,93370,기초 화학물질 제조업,2006-12-22,12월,경기도,후성,"""00595191"""
LF,유가,93050,봉제의복 제조업,2006-12-01,12월,서울특별시,LF,"""00593032"""
주연테크,유가,44380,컴퓨터 및 주변장치 제조업,2006-11-15,12월,서울특별시,주연테크,"""00269241"""
코스맥스비티아이,유가,44820,기타 금융업,2006-11-13,12월,경기도,코스맥스비티아이,"""00219574"""
인천도시가스,유가,34590,연료용 가스 제조 및 배관공급업,2006-11-07,12월,인천광역시,인천도시가스,"""00145862"""
삼정펄프,유가,9770,"펄프, 종이 및 판지 제조업",2006-10-17,12월,경기도,삼정펄프,"""00128227"""
KEC,유가,92220,반도체 제조업,2006-10-16,12월,서울특별시,KEC,"""00589127"""
KPX홀딩스,유가,92230,기초 화학물질 제조업,2006-10-12,12월,서울특별시,KPX홀딩스,"""00587466"""
HDC현대EP,유가,89470,기타 화학제품 제조업,2006-09-25,12월,충청남도,HDC현대EP,"""00357935"""
노루페인트,유가,90350,기타 화학제품 제조업,2006-07-03,12월,경기도,노루페인트,"""00583442"""
아모레퍼시픽,유가,90430,기타 화학제품 제조업,2006-06-29,12월,서울특별시,아모레퍼시픽,"""00583424"""
롯데관광개발,유가,32350,여행사 및 기타 여행보조 서비스업,2006-06-08,12월,제주특별자치도,롯데관광개발,"""00231372"""
평화산업,유가,90080,자동차 신품 부품 제조업,2006-06-02,12월,대구광역시,평화산업,"""00573579"""
우진플라임,유가,49800,특수 목적용 기계 제조업,2006-05-24,12월,충청북도,우진플라임,"""00303217"""
신세계I&C,유가,35510,"컴퓨터 프로그래밍, 시스템 통합 및 관리업",2006-05-18,12월,서울특별시,신세계I&C,"""00219486"""
진도,유가,88790,기타 전문 도매업,2006-03-28,12월,서울특별시,진도,"""00557933"""
맥쿼리인프라,유가,88980,신탁업 및 집합투자업,2006-03-15,12월,서울특별시,맥쿼리인프라,"""00435297"""
롯데쇼핑,유가,23530,종합 소매업,2006-02-09,12월,서울특별시,롯데쇼핑,"""00120526"""
현대글로비스,유가,86280,기타 운송관련 서비스업,2005-12-26,12월,서울특별시,현대글로비스,"""00360595"""
티비에이치글로벌,유가,84870,봉제의복 제조업,2005-12-19,12월,서울특별시,티비에이치글로벌,"""00409672"""
하나금융지주,유가,86790,기타 금융업,2005-12-12,12월,서울특별시,하나금융지주,"""00547583"""
제일연마,유가,1560,기타 비금속 광물제품 제조업,2005-12-09,12월,경상북도,제일연마,"""00148461"""
현대리바트,유가,79430,가구 제조업,2005-11-22,12월,경기도,현대리바트,"""00164803"""
현대리바트,유가,79430,가구 제조업,2005-11-22,12월,경기도,현대리바트,"""00300548"""
대한제강,유가,84010,1차 철강 제조업,2005-10-31,12월,부산광역시,대한제강,"""00113225"""
새론오토모티브,유가,75180,자동차 신품 부품 제조업,2005-10-21,12월,충청남도,새론오토모티브,"""00305668"""
그린케미칼,유가,83420,기타 화학제품 제조업,2005-10-20,12월,충청남도,그린케미칼,"""00454946"""
그린케미칼,유가,83420,기타 화학제품 제조업,2005-10-20,12월,충청남도,그린케미칼,"""00991359"""
대상홀딩스,유가,84690,기타 금융업,2005-08-17,12월,서울특별시,대상홀딩스,"""00539274"""
코아스,유가,71950,가구 제조업,2005-08-04,12월,서울특별시,코아스,"""01744420"""
코아스,유가,71950,가구 제조업,2005-08-04,12월,서울특별시,코아스,"""00210856"""
이월드,유가,84680,귀금속 및 장신용품 제조업,2005-07-26,12월,대구광역시,이월드,"""00540605"""
동양고속,유가,84670,육상 여객 운송업,2005-07-25,12월,경기도,동양고속,"""00540641"""
한미반도체,유가,42700,특수 목적용 기계 제조업,2005-07-22,12월,인천광역시,한미반도체,"""00161383"""
동일산업,유가,4890,1차 철강 제조업,2005-06-30,12월,경상북도,동일산업,"""00238588"""
동일산업,유가,4890,1차 철강 제조업,2005-06-30,12월,경상북도,동일산업,"""00118336"""
동일산업,유가,4890,1차 철강 제조업,2005-06-30,12월,경상북도,동일산업,"""00118354"""
동일산업,유가,4890,1차 철강 제조업,2005-06-30,12월,경상북도,동일산업,"""00172936"""
동일산업,유가,4890,1차 철강 제조업,2005-06-30,12월,경상북도,동일산업,"""00565862"""
삼호개발,유가,10960,기반조성 및 시설물 축조관련 전문공사업,2005-05-12,12월,충청남도,삼호개발,"""00128980"""
금호타이어,유가,73240,고무제품 제조업,2005-02-17,12월,광주광역시,금호타이어,"""00481454"""
CJ CGV,유가,79160,"영화, 비디오물, 방송프로그램 제작 및 배급업",2004-12-24,12월,서울특별시,CJ CGV,"""00303873"""
일진다이아,유가,81000,기타 화학제품 제조업,2004-12-22,12월,충청북도,일진다이아,"""00508274"""
유니드,유가,14830,기초 화학물질 제조업,2004-12-03,12월,서울특별시,유니드,"""00159786"""
상신브레이크,유가,41650,자동차 신품 부품 제조업,2004-10-27,12월,대구광역시,상신브레이크,"""00129642"""
인팩,유가,23810,자동차 신품 부품 제조업,2004-09-21,12월,서울특별시,인팩,"""00180795"""
GS,유가,78930,기타 금융업,2004-08-05,12월,서울특별시,GS,"""00500254"""
유니퀘스트,유가,77500,기계장비 및 관련 물품 도매업,2004-08-05,12월,경기도,유니퀘스트,"""00414601"""
다스코,유가,58730,"구조용 금속제품, 탱크 및 증기발생기 제조업",2004-08-02,12월,전라남도,다스코,"""00916394"""
다스코,유가,58730,"구조용 금속제품, 탱크 및 증기발생기 제조업",2004-08-02,12월,전라남도,다스코,"""00353878"""
다스코,유가,58730,"구조용 금속제품, 탱크 및 증기발생기 제조업",2004-08-02,12월,전라남도,다스코,"""01464108"""
LG디스플레이,유가,34220,전자부품 제조업,2004-07-23,12월,서울특별시,LG디스플레이,"""00105873"""
텔코웨어,유가,78000,"자료처리, 호스팅, 포털 및 기타 인터넷 정보매개 서비스업",2004-07-20,12월,서울특별시,텔코웨어,"""00361488"""
STX엔진,유가,77970,일반 목적용 기계 제조업,2004-05-10,12월,경상남도,STX엔진,"""00480455"""
NICE,유가,34310,회사 본부 및 경영 컨설팅 서비스업,2004-02-04,12월,서울특별시,NICE,"""00158316"""
대교,유가,19680,초등 교육기관,2004-02-03,12월,서울특별시,대교,"""00962348"""
대교,유가,19680,초등 교육기관,2004-02-03,12월,서울특별시,대교,"""00108913"""
기업은행,유가,24110,은행 및 저축기관,2003-12-24,12월,서울특별시,기업은행,"""00149646"""
이엔플러스,유가,74610,일반 목적용 기계 제조업,2003-12-23,12월,경기도,이엔플러스,"""00469799"""
한솔홈데코,유가,25750,제재 및 목재 가공업,2003-11-04,12월,서울특별시,한솔홈데코,"""00203582"""
이수페타시스,유가,7660,전자부품 제조업,2003-10-07,12월,대구광역시,이수페타시스,"""00107613"""
강원랜드,유가,35250,유원지 및 기타 오락관련 서비스업,2003-09-04,12월,강원특별자치도,강원랜드,"""00255619"""
YG PLUS,유가,37270,"자료처리, 호스팅, 포털 및 기타 인터넷 정보매개 서비스업",2003-08-01,12월,서울특별시,YG PLUS,"""00249247"""
농심홀딩스,유가,72710,기타 금융업,2003-07-30,12월,서울특별시,농심홀딩스,"""00459871"""
한국금융지주,유가,71050,기타 금융업,2003-07-21,12월,서울특별시,한국금융지주,"""00432102"""
유엔젤,유가,72130,"자료처리, 호스팅, 포털 및 기타 인터넷 정보매개 서비스업",2003-07-01,12월,경기도,유엔젤,"""00416654"""
SBS,유가,34120,텔레비전 방송업,2003-06-25,12월,서울특별시,SBS,"""00130772"""
엔씨소프트,유가,36570,소프트웨어 개발 및 공급업,2003-05-22,12월,서울특별시,엔씨소프트,"""00261443"""
하이스틸,유가,71090,1차 철강 제조업,2003-02-17,12월,충청남도,하이스틸,"""00435312"""
DSR제강,유가,69730,1차 철강 제조업,2003-01-28,12월,전라남도,DSR제강,"""00151298"""
태경케미컬,유가,6890,기초 화학물질 제조업,2003-01-28,12월,서울특별시,태경케미컬,"""00109161"""
한농화성,유가,11500,기타 화학제품 제조업,2003-01-09,12월,전북특별자치도,한농화성,"""00160861"""
현대백화점,유가,69960,종합 소매업,2002-11-25,12월,서울특별시,현대백화점,"""00428251"""
대호에이엘,유가,69460,1차 비철금속 제조업,2002-11-11,12월,대구광역시,대호에이엘,"""00428729"""
대웅제약,유가,69620,의약품 제조업,2002-11-01,12월,경기도,대웅제약,"""00427483"""
마니커,유가,27740,"도축, 육류 가공 및 저장 처리업",2002-10-29,12월,경기도,마니커,"""00204208"""
SNT홀딩스,유가,36530,기타 금융업,2002-10-22,12월,서울특별시,SNT홀딩스,"""00225159"""
티케이지휴켐스,유가,69260,기타 화학제품 제조업,2002-10-07,12월,서울특별시,티케이지휴켐스,"""00426086"""
SJG세종,유가,33530,자동차 신품 부품 제조업,2002-09-25,12월,울산광역시,SJG세종,"""00134510"""
포스코스틸리온,유가,58430,1차 철강 제조업,2002-08-16,12월,경상북도,포스코스틸리온,"""00155258"""
삼성출판사,유가,68290,"서적, 잡지 및 기타 인쇄물 출판업",2002-08-05,12월,서울특별시,삼성출판사,"""00423690"""
세이브존I&C,유가,67830,종합 소매업,2002-07-25,12월,서울특별시,세이브존I&C,"""00422895"""
교보증권,유가,30610,금융 지원 서비스업,2002-07-18,12월,서울특별시,교보증권,"""00113359"""
한샘,유가,9240,생활용품 도매업,2002-07-16,12월,경기도,한샘,"""00161693"""
우신시스템,유가,17370,특수 목적용 기계 제조업,2002-05-28,12월,서울특별시,우신시스템,"""00142883"""
LG전자,유가,66570,통신 및 방송 장비 제조업,2002-04-22,12월,서울특별시,LG전자,"""00401731"""
콜마홀딩스,유가,24720,기타 금융업,2002-04-09,12월,세종특별자치시,콜마홀딩스,"""00203290"""
SNT모티브,유가,64960,자동차 신품 부품 제조업,2002-03-11,12월,부산광역시,SNT모티브,"""00398792"""
광주신세계,유가,37710,종합 소매업,2002-02-07,12월,광주광역시,광주신세계,"""00220561"""
일진디스플,유가,20760,반도체 제조업,2002-01-09,12월,충청북도,일진디스플,"""00198697"""
KH 필룩스,유가,33180,전자부품 제조업,2001-12-26,12월,경기도,KH 필룩스,"""00193009"""
종근당바이오,유가,63160,의약품 제조업,2001-12-11,12월,서울특별시,종근당바이오,"""00390055"""
신한지주,유가,55550,기타 금융업,2001-09-10,12월,서울특별시,신한지주,"""00382199"""
코웨이,유가,21240,그외 기타 개인 서비스업,2001-08-07,12월,충청남도,코웨이,"""00170558"""
세아홀딩스,유가,58650,1차 철강 제조업,2001-07-30,12월,서울특별시,세아홀딩스,"""00377610"""
LG생활건강,유가,51900,기타 화학제품 제조업,2001-04-25,12월,서울특별시,LG생활건강,"""00356370"""
LG화학,유가,51910,기초 화학물질 제조업,2001-04-25,12월,서울특별시,LG화학,"""00356361"""
대우건설,유가,47040,건물 건설업,2001-03-23,12월,서울특별시,대우건설,"""00124540"""
포스코인터내셔널,유가,47050,상품 중개업,2001-03-23,12월,서울특별시,포스코인터내셔널,"""00124504"""
HD현대인프라코어,유가,42670,특수 목적용 기계 제조업,2001-02-02,12월,인천광역시,HD현대인프라코어,"""00344287"""
한화오션,유가,42660,선박 및 보트 건조업,2001-02-02,12월,경상남도,한화오션,"""00111704"""
진양화학,유가,51630,플라스틱제품 제조업,2001-01-29,12월,울산광역시,진양화학,"""00347734"""
두산에너빌리티,유가,34020,일반 목적용 기계 제조업,2000-10-25,12월,경상남도,두산에너빌리티,"""00159616"""
한국내화,유가,10040,"내화, 비내화 요업제품 제조업",2000-10-16,12월,충청남도,한국내화,"""00160205"""
한세예스24홀딩스,유가,16450,봉제의복 제조업,2000-01-06,12월,서울특별시,한세예스24홀딩스,"""00161976"""
대성홀딩스,유가,16710,회사 본부 및 경영 컨설팅 서비스업,1999-12-22,12월,대구광역시,대성홀딩스,"""00863339"""
대성홀딩스,유가,16710,회사 본부 및 경영 컨설팅 서비스업,1999-12-22,12월,대구광역시,대성홀딩스,"""00108940"""
대원제약,유가,3220,의약품 제조업,1999-12-15,12월,서울특별시,대원제약,"""00111999"""
한국가스공사,유가,36460,연료용 가스 제조 및 배관공급업,1999-12-15,12월,대구광역시,한국가스공사,"""00261285"""
미래아이앤지,유가,7120,"컴퓨터 프로그래밍, 시스템 통합 및 관리업",1999-11-26,12월,서울특별시,미래아이앤지,"""00104786"""
화천기공,유가,850,특수 목적용 기계 제조업,1999-11-18,12월,광주광역시,화천기공,"""00166519"""
팜스코,유가,36580,"곡물가공품, 전분 및 전분제품 제조업",1999-10-25,12월,경기도,팜스코,"""00260408"""
팜스코,유가,36580,"곡물가공품, 전분 및 전분제품 제조업",1999-10-25,12월,경기도,팜스코,"""01908426"""
케이티앤지,유가,33780,담배 제조업,1999-10-08,12월,대전광역시,케이티앤지,"""00244455"""
HD한국조선해양,유가,9540,기타 금융업,1999-08-24,12월,경기도,HD한국조선해양,"""00164830"""
디씨엠,유가,24090,1차 철강 제조업,1999-08-18,12월,경상남도,디씨엠,"""01014781"""
디씨엠,유가,24090,1차 철강 제조업,1999-08-18,12월,경상남도,디씨엠,"""00177199"""
AK홀딩스,유가,6840,기타 금융업,1999-08-11,12월,서울특별시,AK홀딩스,"""00125080"""
HS애드,유가,35000,광고업,1999-08-11,12월,서울특별시,HS애드,"""00140168"""
대한유화,유가,6650,기초 화학물질 제조업,1999-08-11,12월,서울특별시,대한유화,"""00260383"""
백산,유가,35150,플라스틱제품 제조업,1999-08-11,12월,경기도,백산,"""00122551"""
체시스,유가,33250,자동차 신품 부품 제조업,1999-08-11,12월,경상북도,체시스,"""00125576"""
자화전자,유가,33240,전자부품 제조업,1999-01-06,12월,충청북도,자화전자,"""00146861"""
케이티,유가,30200,전기 통신업,1998-12-23,12월,경기도,케이티,"""00186461"""
케이티,유가,30200,전기 통신업,1998-12-23,12월,경기도,케이티,"""00190321"""
엑시큐어하이트론,유가,19490,영상 및 음향기기 제조업,1998-11-04,12월,경기도,엑시큐어하이트론,"""00156150"""
제일기획,유가,30000,광고업,1998-03-03,12월,서울특별시,제일기획,"""00148276"""
스틱인베스트먼트,유가,26890,신탁업 및 집합투자업,1997-11-25,12월,서울특별시,스틱인베스트먼트,"""00306144"""
스틱인베스트먼트,유가,26890,신탁업 및 집합투자업,1997-11-25,12월,서울특별시,스틱인베스트먼트,"""00117498"""
케이씨,유가,29460,"측정, 시험, 항해, 제어 및 기타 정밀기기 제조업; 광학기기 제외",1997-11-25,12월,경기도,케이씨,"""00410049"""
케이씨,유가,29460,"측정, 시험, 항해, 제어 및 기타 정밀기기 제조업; 광학기기 제외",1997-11-25,12월,경기도,케이씨,"""01012206"""
케이씨,유가,29460,"측정, 시험, 항해, 제어 및 기타 정밀기기 제조업; 광학기기 제외",1997-11-25,12월,경기도,케이씨,"""00209780"""
대원화성,유가,24890,플라스틱제품 제조업,1997-10-28,12월,서울특별시,대원화성,"""00490832"""
대원화성,유가,24890,플라스틱제품 제조업,1997-10-28,12월,서울특별시,대원화성,"""00112022"""
E1,유가,17940,기타 전문 도매업,1997-08-27,12월,서울특별시,E1,"""00165583"""
SK가스,유가,18670,기타 전문 도매업,1997-08-27,12월,경기도,SK가스,"""00144164"""
다우기술,유가,23590,"자료처리, 호스팅, 포털 및 기타 인터넷 정보매개 서비스업",1997-08-27,12월,경기도,다우기술,"""00176914"""
영보화학,유가,14440,플라스틱제품 제조업,1997-08-27,12월,충청북도,영보화학,"""00140779"""
SKC,유가,11790,기타 화학제품 제조업,1997-07-18,12월,경기도,SKC,"""00139889"""
웰바이오텍,유가,10600,상품 중개업,1997-07-18,12월,서울특별시,웰바이오텍,"""00141273"""
한국주강,유가,25890,특수 목적용 기계 제조업,1997-07-18,12월,경상남도,한국주강,"""00159564"""
디와이덕양,유가,24900,자동차 신품 부품 제조업,1997-06-23,12월,울산광역시,디와이덕양,"""00114154"""
에쓰씨엔지니어링,유가,23960,토목 건설업,1997-06-23,12월,서울특별시,에쓰씨엔지니어링,"""00121969"""
인지컨트롤스,유가,23800,자동차 신품 부품 제조업,1997-06-23,12월,경기도,인지컨트롤스,"""00103510"""
경동인베스트,유가,12320,기타 금융업,1997-03-07,12월,경기도,경동인베스트,"""00143527"""
아이티센씨티에스,유가,31820,"컴퓨터 프로그래밍, 시스템 통합 및 관리업",1997-02-12,12월,경기도,아이티센씨티에스,"""00186559"""
에스제이엠홀딩스,유가,25530,자동차 부품 및 내장품 판매업,1997-02-12,12월,경기도,에스제이엠홀딩스,"""01781458"""
에스제이엠홀딩스,유가,25530,자동차 부품 및 내장품 판매업,1997-02-12,12월,경기도,에스제이엠홀딩스,"""00181943"""
SK하이닉스,유가,660,반도체 제조업,1996-12-26,12월,경기도,SK하이닉스,"""00164779"""
INVENI,유가,15360,회사 본부 및 경영 컨설팅 서비스업,1996-12-24,12월,서울특별시,INVENI,"""00105101"""
MH에탄올,유가,23150,알코올음료 제조업,1996-12-24,12월,경상남도,MH에탄올,"""00121534"""
동남합성,유가,23450,기초 화학물질 제조업,1996-12-24,12월,충청남도,동남합성,"""00115065"""
삼성E&A,유가,28050,"건축기술, 엔지니어링 및 관련 기술 서비스업",1996-12-24,12월,서울특별시,삼성E&A,"""00126308"""
신도리코,유가,29530,컴퓨터 및 주변장치 제조업,1996-12-24,12월,서울특별시,신도리코,"""00135795"""
온타이드,유가,5320,생활용품 도매업,1996-12-24,12월,서울특별시,온타이드,"""00168331"""
퍼시스,유가,16800,가구 제조업,1996-12-24,12월,서울특별시,퍼시스,"""00161709"""
WISCOM,유가,24070,플라스틱제품 제조업,1996-11-22,12월,경기도,WISCOM,"""00142865"""
동원수산,유가,30720,어로 어업,1996-11-22,12월,서울특별시,동원수산,"""00118044"""
미래산업,유가,25560,"측정, 시험, 항해, 제어 및 기타 정밀기기 제조업; 광학기기 제외",1996-11-22,12월,충청남도,미래산업,"""00487874"""
미래산업,유가,25560,"측정, 시험, 항해, 제어 및 기타 정밀기기 제조업; 광학기기 제외",1996-11-22,12월,충청남도,미래산업,"""01644360"""
미래산업,유가,25560,"측정, 시험, 항해, 제어 및 기타 정밀기기 제조업; 광학기기 제외",1996-11-22,12월,충청남도,미래산업,"""00197759"""
다올투자증권,유가,30210,금융 지원 서비스업,1996-11-19,12월,서울특별시,다올투자증권,"""00156859"""
HDC,유가,12630,기타 금융업,1996-10-16,12월,서울특별시,HDC,"""00164636"""
광전자,유가,17900,반도체 제조업,1996-10-16,12월,전북특별자치도,광전자,"""00152729"""
한국단자공업,유가,25540,"전동기, 발전기 및 전기 변환 · 공급 · 제어 장치 제조업",1996-10-16,12월,인천광역시,한국단자공업,"""00157070"""
디아이,유가,3160,"측정, 시험, 항해, 제어 및 기타 정밀기기 제조업; 광학기기 제외",1996-07-31,12월,서울특별시,디아이,"""01561447"""
디아이,유가,3160,"측정, 시험, 항해, 제어 및 기타 정밀기기 제조업; 광학기기 제외",1996-07-31,12월,서울특별시,디아이,"""00118275"""
신성이엔지,유가,11930,반도체 제조업,1996-07-31,12월,경기도,신성이엔지,"""00686068"""
신성이엔지,유가,11930,반도체 제조업,1996-07-31,12월,경기도,신성이엔지,"""00136271"""
티에이치엔,유가,19180,기타 전기장비 제조업,1996-07-31,12월,대구광역시,티에이치엔,"""00118965"""
한온시스템,유가,18880,일반 목적용 기계 제조업,1996-07-31,12월,대전광역시,한온시스템,"""00161125"""
블루산업개발,유가,6740,"골판지, 종이 상자 및 종이용기 제조업",1996-07-03,12월,경기도,블루산업개발,"""01379004"""
블루산업개발,유가,6740,"골판지, 종이 상자 및 종이용기 제조업",1996-07-03,12월,경기도,블루산업개발,"""00141404"""
유니온,유가,910,"시멘트, 석회, 플라스터 및 그 제품 제조업",1996-07-03,12월,서울특별시,유니온,"""00833675"""
유니온,유가,910,"시멘트, 석회, 플라스터 및 그 제품 제조업",1996-07-03,12월,서울특별시,유니온,"""01035696"""
유니온,유가,910,"시멘트, 석회, 플라스터 및 그 제품 제조업",1996-07-03,12월,서울특별시,유니온,"""00144252"""
유니온,유가,910,"시멘트, 석회, 플라스터 및 그 제품 제조업",1996-07-03,12월,서울특별시,유니온,"""01452033"""
유니온,유가,910,"시멘트, 석회, 플라스터 및 그 제품 제조업",1996-07-03,12월,서울특별시,유니온,"""00184481"""
키다리스튜디오,유가,20120,"자료처리, 호스팅, 포털 및 기타 인터넷 정보매개 서비스업",1996-07-03,12월,서울특별시,키다리스튜디오,"""00140131"""
한국제지,유가,27970,"펄프, 종이 및 판지 제조업",1996-07-03,12월,울산광역시,한국제지,"""01511585"""
한국제지,유가,27970,"펄프, 종이 및 판지 제조업",1996-07-03,12월,울산광역시,한국제지,"""00159412"""
한국제지,유가,27970,"펄프, 종이 및 판지 제조업",1996-07-03,12월,울산광역시,한국제지,"""00133706"""
한섬,유가,20000,봉제의복 제조업,1996-07-03,12월,서울특별시,한섬,"""00188089"""
현대엘리베이터,유가,17800,일반 목적용 기계 제조업,1996-07-03,12월,충청북도,현대엘리베이터,"""00164724"""
환인제약,유가,16580,의약품 제조업,1996-07-03,12월,서울특별시,환인제약,"""00166573"""
계룡건설산업,유가,13580,토목 건설업,1996-01-30,12월,대전광역시,계룡건설산업,"""00102432"""
서원,유가,21050,금속 주조업,1996-01-30,12월,경기도,서원,"""00131203"""
서원,유가,21050,금속 주조업,1996-01-30,12월,경기도,서원,"""00355858"""
서원,유가,21050,금속 주조업,1996-01-30,12월,경기도,서원,"""01030868"""
서원,유가,21050,금속 주조업,1996-01-30,12월,경기도,서원,"""01643626"""
서원,유가,21050,금속 주조업,1996-01-30,12월,경기도,서원,"""01219766"""
서원,유가,21050,금속 주조업,1996-01-30,12월,경기도,서원,"""00131197"""
에스원,유가,12750,"경비, 경호 및 탐정업",1996-01-30,12월,서울특별시,에스원,"""00158501"""
태경산업,유가,15890,기초 화학물질 제조업,1996-01-30,12월,서울특별시,태경산업,"""00236410"""
태경산업,유가,15890,기초 화학물질 제조업,1996-01-30,12월,서울특별시,태경산업,"""01075597"""
태경산업,유가,15890,기초 화학물질 제조업,1996-01-30,12월,서울특별시,태경산업,"""01340349"""
태경산업,유가,15890,기초 화학물질 제조업,1996-01-30,12월,서울특별시,태경산업,"""00921396"""
태경산업,유가,15890,기초 화학물질 제조업,1996-01-30,12월,서울특별시,태경산업,"""00153339"""
신대양제지,유가,16590,"골판지, 종이 상자 및 종이용기 제조업",1995-12-21,12월,경기도,신대양제지,"""00135777"""
와이투솔루션,유가,11690,반도체 제조업,1995-12-21,12월,경기도,와이투솔루션,"""00144720"""
남해화학,유가,25860,"비료, 농약 및 살균, 살충제 제조업",1995-11-10,12월,서울특별시,남해화학,"""00107987"""
성안머티리얼스,유가,11300,직물직조 및 직물제품 제조업,1995-11-10,12월,대구광역시,성안머티리얼스,"""00132868"""
HMM,유가,11200,해상 운송업,1995-10-05,12월,서울특별시,HMM,"""00164645"""
경인양행,유가,12610,기초 화학물질 제조업,1995-10-05,12월,인천광역시,경인양행,"""00102113"""
풀무원,유가,17810,기타 식품 제조업,1995-10-05,12월,충청북도,풀무원,"""00155355"""
서울도시가스,유가,17390,연료용 가스 제조 및 배관공급업,1995-08-18,12월,서울특별시,서울도시가스,"""00130684"""
이구산업,유가,25820,1차 비철금속 제조업,1995-08-18,12월,경기도,이구산업,"""00145464"""
에넥스,유가,11090,가구 제조업,1995-07-08,12월,서울특별시,에넥스,"""00139764"""
에이프로젠,유가,7460,기타 금속 가공제품 제조업,1995-07-08,12월,경기도,에이프로젠,"""00549059"""
에이프로젠,유가,7460,기타 금속 가공제품 제조업,1995-07-08,12월,경기도,에이프로젠,"""00152385"""
제이준코스메틱,유가,25620,기타 화학제품 제조업,1995-07-08,12월,서울특별시,제이준코스메틱,"""00136776"""
한국카본,유가,17960,"구조용 금속제품, 탱크 및 증기발생기 제조업",1995-07-08,12월,경상남도,한국카본,"""00159795"""
KPX케미칼,유가,25000,기초 화학물질 제조업,1994-12-27,12월,서울특별시,KPX케미칼,"""00191472"""
TP,유가,7980,봉제의복 제조업,1994-12-27,12월,서울특별시,TP,"""00154329"""
에스엠벡셀,유가,10580,자동차 신품 부품 제조업,1994-12-27,12월,충청남도,에스엠벡셀,"""00147860"""
KC그린홀딩스,유가,9440,기타 금융업,1994-11-05,12월,서울특별시,KC그린홀딩스,"""00159971"""
문배철강,유가,8420,1차 철강 제조업,1994-11-05,12월,서울특별시,문배철강,"""00121570"""
웅진,유가,16880,회사 본부 및 경영 컨설팅 서비스업,1994-11-05,12월,서울특별시,웅진,"""00819596"""
웅진,유가,16880,회사 본부 및 경영 컨설팅 서비스업,1994-11-05,12월,서울특별시,웅진,"""00143651"""
HL D&I,유가,14790,토목 건설업,1994-08-12,12월,서울특별시,HL D&I,"""00161116"""
오뚜기,유가,7310,기타 식품 제조업,1994-08-12,12월,경기도,오뚜기,"""00141529"""
일정실업,유가,8500,편조원단 제조업,1994-08-12,12월,경기도,일정실업,"""00146542"""
엘에스일렉트릭,유가,10120,"전동기, 발전기 및 전기 변환 · 공급 · 제어 장치 제조업",1994-07-11,12월,경기도,엘에스일렉트릭,"""00105855"""
대양금속,유가,9190,1차 철강 제조업,1994-04-29,12월,충청남도,대양금속,"""00111111"""
이화산업,유가,760,기타 전문 도매업,1994-04-29,12월,서울특별시,이화산업,"""00868583"""
이화산업,유가,760,기타 전문 도매업,1994-04-29,12월,서울특별시,이화산업,"""00174031"""
이화산업,유가,760,기타 전문 도매업,1994-04-29,12월,서울특별시,이화산업,"""00145686"""
이화산업,유가,760,기타 전문 도매업,1994-04-29,12월,서울특별시,이화산업,"""01615261"""
동원시스템즈,유가,14820,플라스틱제품 제조업,1994-03-29,12월,충청남도,동원시스템즈,"""00132637"""
삼성중공업,유가,10140,선박 및 보트 건조업,1994-01-28,12월,경기도,삼성중공업,"""00126478"""
모토닉,유가,9680,자동차 신품 부품 제조업,1994-01-14,12월,서울특별시,모토닉,"""00151128"""
화신,유가,10690,자동차 신품 부품 제조업,1994-01-14,12월,경상북도,화신,"""00563961"""
화신,유가,10690,자동차 신품 부품 제조업,1994-01-14,12월,경상북도,화신,"""01216705"""
화신,유가,10690,자동차 신품 부품 제조업,1994-01-14,12월,경상북도,화신,"""00449290"""
화신,유가,10690,자동차 신품 부품 제조업,1994-01-14,12월,경상북도,화신,"""00166315"""
삼화페인트공업,유가,390,기타 화학제품 제조업,1993-09-10,12월,경기도,삼화페인트공업,"""00129387"""
경동나비엔,유가,9450,가정용 기기 제조업,1993-08-31,12월,경기도,경동나비엔,"""00101488"""
DB,유가,12030,"컴퓨터 프로그래밍, 시스템 통합 및 관리업",1993-01-06,12월,서울특별시,DB,"""00163345"""
SGC에너지,유가,5090,전기업,1993-01-06,12월,서울특별시,SGC에너지,"""00125150"""
대림바스,유가,5750,"내화, 비내화 요업제품 제조업",1992-12-23,12월,경상남도,대림바스,"""00109754"""
대한해운,유가,5880,해상 운송업,1992-04-23,12월,서울특별시,대한해운,"""00421434"""
대한해운,유가,5880,해상 운송업,1992-04-23,12월,서울특별시,대한해운,"""00113535"""
휴니드테크놀러지스,유가,5870,통신 및 방송 장비 제조업,1991-09-03,12월,인천광역시,휴니드테크놀러지스,"""00111421"""
수산세보틱스,유가,17550,특수 목적용 기계 제조업,1991-08-30,12월,경기도,수산세보틱스,"""00135111"""
롯데케미칼,유가,11170,기초 화학물질 제조업,1991-05-30,12월,서울특별시,롯데케미칼,"""00165413"""
세아베스틸지주,유가,1430,1차 철강 제조업,1991-03-12,12월,서울특별시,세아베스틸지주,"""00106669"""
호텔신라,유가,8770,기타 상품 전문 소매업,1991-03-12,12월,서울특별시,호텔신라,"""00165680"""
태경비케이,유가,14580,"시멘트, 석회, 플라스터 및 그 제품 제조업",1991-03-07,12월,서울특별시,태경비케이,"""00122481"""
화승코퍼레이션,유가,13520,자동차 신품 부품 제조업,1991-02-22,12월,부산광역시,화승코퍼레이션,"""00166272"""
신흥,유가,4080,기계장비 및 관련 물품 도매업,1991-02-08,12월,서울특별시,신흥,"""00137863"""
신흥,유가,4080,기계장비 및 관련 물품 도매업,1991-02-08,12월,서울특별시,신흥,"""00468064"""
신흥,유가,4080,기계장비 및 관련 물품 도매업,1991-02-08,12월,서울특별시,신흥,"""01086362"""
신흥,유가,4080,기계장비 및 관련 물품 도매업,1991-02-08,12월,서울특별시,신흥,"""00193744"""
신흥,유가,4080,기계장비 및 관련 물품 도매업,1991-02-08,12월,서울특별시,신흥,"""01334861"""
신흥,유가,4080,기계장비 및 관련 물품 도매업,1991-02-08,12월,서울특별시,신흥,"""00183002"""
신흥,유가,4080,기계장비 및 관련 물품 도매업,1991-02-08,12월,서울특별시,신흥,"""00523185"""
신흥,유가,4080,기계장비 및 관련 물품 도매업,1991-02-08,12월,서울특별시,신흥,"""00173786"""
신흥,유가,4080,기계장비 및 관련 물품 도매업,1991-02-08,12월,서울특별시,신흥,"""00173795"""
화승인더스트리,유가,6060,상품 종합 도매업,1991-02-04,12월,부산광역시,화승인더스트리,"""00166227"""
극동유화,유가,14530,석유 정제품 제조업,1991-01-31,12월,경상남도,극동유화,"""00105156"""
고려산업,유가,2140,"곡물가공품, 전분 및 전분제품 제조업",1991-01-14,12월,부산광역시,고려산업,"""00102751"""
고려산업,유가,2140,"곡물가공품, 전분 및 전분제품 제조업",1991-01-14,12월,부산광역시,고려산업,"""01895779"""
대현,유가,16090,봉제의복 제조업,1990-09-20,12월,서울특별시,대현,"""00818339"""
대현,유가,16090,봉제의복 제조업,1990-09-20,12월,서울특별시,대현,"""01335064"""
대현,유가,16090,봉제의복 제조업,1990-09-20,12월,서울특별시,대현,"""00490063"""
대현,유가,16090,봉제의복 제조업,1990-09-20,12월,서울특별시,대현,"""00113614"""
케이비아이동국실업,유가,1620,자동차 신품 부품 제조업,1990-09-15,12월,서울특별시,케이비아이동국실업,"""00114765"""
광명전기,유가,17040,"전동기, 발전기 및 전기 변환 · 공급 · 제어 장치 제조업",1990-09-14,12월,경기도,광명전기,"""00828257"""
광명전기,유가,17040,"전동기, 발전기 및 전기 변환 · 공급 · 제어 장치 제조업",1990-09-14,12월,경기도,광명전기,"""00103662"""
부산산업,유가,11390,"시멘트, 석회, 플라스터 및 그 제품 제조업",1990-09-14,12월,부산광역시,부산산업,"""00124027"""
STX,유가,11810,상품 종합 도매업,1990-09-12,12월,경상남도,STX,"""00138297"""
고려아연,유가,10130,1차 비철금속 제조업,1990-07-28,12월,서울특별시,고려아연,"""00102858"""
팜젠사이언스,유가,4720,의약품 제조업,1990-06-15,12월,경기도,팜젠사이언스,"""00135050"""
무림페이퍼,유가,9200,"펄프, 종이 및 판지 제조업",1990-06-09,12월,경상남도,무림페이퍼,"""00136086"""
현대차증권,유가,1500,금융 지원 서비스업,1990-06-09,12월,서울특별시,현대차증권,"""00137997"""
원림,유가,5820,직물직조 및 직물제품 제조업,1990-04-20,12월,서울특별시,원림,"""00143794"""
서흥,유가,8490,기타 화학제품 제조업,1990-03-27,12월,충청북도,서흥,"""01560509"""
서흥,유가,8490,기타 화학제품 제조업,1990-03-27,12월,충청북도,서흥,"""00131692"""
서흥,유가,8490,기타 화학제품 제조업,1990-03-27,12월,충청북도,서흥,"""00665135"""
성문전자,유가,14910,전자부품 제조업,1990-03-24,12월,경기도,성문전자,"""00132628"""
HLB글로벌,유가,3580,종합 소매업,1990-03-23,12월,강원특별자치도,HLB글로벌,"""00169048"""
일진홀딩스,유가,15860,기타 금융업,1990-03-22,12월,경기도,일진홀딩스,"""00146649"""
대영포장,유가,14160,"골판지, 종이 상자 및 종이용기 제조업",1990-03-06,12월,경기도,대영포장,"""00111458"""
영화금속,유가,12280,자동차 신품 부품 제조업,1990-01-25,12월,경상남도,영화금속,"""00141413"""
신풍제약,유가,19170,의약품 제조업,1990-01-20,12월,경기도,신풍제약,"""00137359"""
동성제약,유가,2210,의약품 제조업,1990-01-19,12월,서울특별시,동성제약,"""00116268"""
아센디오,유가,12170,"영화, 비디오물, 방송프로그램 제작 및 배급업",1989-12-20,12월,서울특별시,아센디오,"""00145437"""
한올바이오파마,유가,9420,의약품 제조업,1989-12-18,12월,대전광역시,한올바이오파마,"""00162586"""
유니켐,유가,11330,"가죽, 가방 및 유사제품 제조업",1989-12-14,12월,경기도,유니켐,"""00605568"""
유니켐,유가,11330,"가죽, 가방 및 유사제품 제조업",1989-12-14,12월,경기도,유니켐,"""00137207"""
대창,유가,12800,1차 비철금속 제조업,1989-12-05,12월,경기도,대창,"""00409478"""
대창,유가,12800,1차 비철금속 제조업,1989-12-05,12월,경기도,대창,"""00112651"""
국보,유가,1140,도로 화물 운송업,1989-12-02,12월,부산광역시,국보,"""00104519"""
국보,유가,1140,도로 화물 운송업,1989-12-02,12월,부산광역시,국보,"""01088476"""
일성건설,유가,13360,토목 건설업,1989-12-02,12월,경기도,일성건설,"""00184995"""
일성건설,유가,13360,토목 건설업,1989-12-02,12월,경기도,일성건설,"""00146232"""
까뮤이앤씨,유가,13700,건물 건설업,1989-11-30,12월,경기도,까뮤이앤씨,"""00129420"""
보락,유가,2760,기타 화학제품 제조업,1989-11-30,12월,경기도,보락,"""00123107"""
선도전기,유가,7610,"전동기, 발전기 및 전기 변환 · 공급 · 제어 장치 제조업",1989-11-30,12월,경기도,선도전기,"""00131939"""
씨아이테크,유가,4920,영상 및 음향기기 제조업,1989-11-30,12월,서울특별시,씨아이테크,"""01781397"""
씨아이테크,유가,4920,영상 및 음향기기 제조업,1989-11-30,12월,서울특별시,씨아이테크,"""00127158"""
광동제약,유가,9290,의약품 제조업,1989-11-17,12월,경기도,광동제약,"""00103592"""
갤럭시아에스엠,유가,11420,스포츠 서비스업,1989-11-14,12월,서울특별시,갤럭시아에스엠,"""00129554"""
남성,유가,4270,기타 전문 도매업,1989-11-14,12월,서울특별시,남성,"""01221868"""
남성,유가,4270,기타 전문 도매업,1989-11-14,12월,서울특별시,남성,"""00172185"""
KISCO홀딩스,유가,1940,1차 철강 제조업,1989-11-13,12월,경상남도,KISCO홀딩스,"""00159740"""
태영건설,유가,9410,토목 건설업,1989-11-13,12월,경기도,태영건설,"""00535825"""
태영건설,유가,9410,토목 건설업,1989-11-13,12월,경기도,태영건설,"""00491822"""
태영건설,유가,9410,토목 건설업,1989-11-13,12월,경기도,태영건설,"""00153861"""
태영건설,유가,9410,토목 건설업,1989-11-13,12월,경기도,태영건설,"""01837845"""
한국특강,유가,7280,1차 철강 제조업,1989-11-13,12월,경상남도,한국특강,"""00124090"""
한솔로지스틱스,유가,9180,기타 운송관련 서비스업,1989-11-13,12월,서울특별시,한솔로지스틱스,"""00140946"""
삼양통상,유가,2170,"가죽, 가방 및 유사제품 제조업",1989-11-10,12월,서울특별시,삼양통상,"""00127042"""
SK텔레콤,유가,17670,전기 통신업,1989-11-07,12월,서울특별시,SK텔레콤,"""00159023"""
진양폴리우레탄,유가,10640,플라스틱제품 제조업,1989-09-30,12월,경기도,진양폴리우레탄,"""00160375"""
미창석유공업,유가,3650,석유 정제품 제조업,1989-09-27,12월,부산광역시,미창석유공업,"""00122056"""
삼익THK,유가,4380,일반 목적용 기계 제조업,1989-09-26,12월,대구광역시,삼익THK,"""00127802"""
미원상사,유가,2840,기타 화학제품 제조업,1989-09-25,12월,경기도,미원상사,"""00121932"""
서연,유가,7860,기타 금융업,1989-09-09,12월,경기도,서연,"""00163114"""
세우글로벌,유가,13000,기타 전문 도매업,1989-09-05,12월,인천광역시,세우글로벌,"""00134176"""
현대모비스,유가,12330,자동차 신품 부품 제조업,1989-09-05,12월,서울특별시,현대모비스,"""00164788"""
KG케미칼,유가,1390,기초 화학물질 제조업,1989-08-25,12월,울산광역시,KG케미칼,"""00101220"""
아진전자부품,유가,9320,자동차 신품 부품 제조업,1989-08-25,12월,전북특별자치도,아진전자부품,"""00111689"""
현대해상,유가,1450,보험업,1989-08-25,12월,서울특별시,현대해상,"""00164973"""
현대지에프홀딩스,유가,5440,기타 금융업,1989-08-22,12월,서울특별시,현대지에프홀딩스,"""00105280"""
한국전력공사,유가,15760,전기업,1989-08-10,12월,전라남도,한국전력공사,"""00159193"""
국도화학,유가,7690,기초 화학물질 제조업,1989-08-05,12월,서울특별시,국도화학,"""00104388"""
녹십자,유가,6280,의약품 제조업,1989-08-01,12월,경기도,녹십자,"""00129679"""
SIMPAC,유가,9160,1차 철강 제조업,1989-07-29,12월,인천광역시,SIMPAC,"""00138260"""
윌비스,유가,8600,생활용품 도매업,1989-07-28,12월,충청남도,윌비스,"""00104999"""
대창단조,유가,15230,자동차 신품 부품 제조업,1989-07-25,12월,경상남도,대창단조,"""00112679"""
사조산업,유가,7160,수산물 가공 및 저장 처리업,1989-07-25,12월,서울특별시,사조산업,"""00124799"""
한익스프레스,유가,14130,도로 화물 운송업,1989-07-25,12월,경기도,한익스프레스,"""00129509"""
사조동아원,유가,8040,"곡물가공품, 전분 및 전분제품 제조업",1989-06-24,12월,서울특별시,사조동아원,"""00137252"""
경인전자,유가,9140,전자부품 제조업,1989-06-20,12월,서울특별시,경인전자,"""00627533"""
경인전자,유가,9140,전자부품 제조업,1989-06-20,12월,서울특별시,경인전자,"""00102140"""
무림P&P,유가,9580,"펄프, 종이 및 판지 제조업",1989-06-20,12월,울산광역시,무림P&P,"""00119007"""
인디에프,유가,14990,봉제의복 제조업,1989-06-20,12월,서울특별시,인디에프,"""00106881"""
디와이,유가,13570,기타 금융업,1989-05-30,12월,인천광역시,디와이,"""00300414"""
디와이,유가,13570,기타 금융업,1989-05-30,12월,인천광역시,디와이,"""00482912"""
디와이,유가,13570,기타 금융업,1989-05-30,12월,인천광역시,디와이,"""00117179"""
DKME,유가,15590,일반 목적용 기계 제조업,1989-05-27,12월,울산광역시,DKME,"""00108746"""
한솔케미칼,유가,14680,기초 화학물질 제조업,1989-05-20,12월,서울특별시,한솔케미칼,"""00140955"""
퍼스텍,유가,10820,무기 및 총포탄 제조업,1989-05-10,12월,경상남도,퍼스텍,"""00148522"""
퍼스텍,유가,10820,무기 및 총포탄 제조업,1989-05-10,12월,경상남도,퍼스텍,"""00148267"""
동원산업,유가,6040,기타 금융업,1989-03-07,12월,서울특별시,동원산업,"""00406709"""
동원산업,유가,6040,기타 금융업,1989-03-07,12월,서울특별시,동원산업,"""00680471"""
동원산업,유가,6040,기타 금융업,1989-03-07,12월,서울특별시,동원산업,"""01088759"""
동원산업,유가,6040,기타 금융업,1989-03-07,12월,서울특별시,동원산업,"""01207105"""
동원산업,유가,6040,기타 금융업,1989-03-07,12월,서울특별시,동원산업,"""01731505"""
동원산업,유가,6040,기타 금융업,1989-03-07,12월,서울특별시,동원산업,"""00118026"""
대덕,유가,8060,기타 금융업,1989-01-26,12월,경기도,대덕,"""00486556"""
대덕,유가,8060,기타 금융업,1989-01-26,12월,경기도,대덕,"""00767637"""
대덕,유가,8060,기타 금융업,1989-01-26,12월,경기도,대덕,"""00109189"""
한성기업,유가,3680,수산물 가공 및 저장 처리업,1989-01-26,12월,부산광역시,한성기업,"""00387194"""
한성기업,유가,3680,수산물 가공 및 저장 처리업,1989-01-26,12월,부산광역시,한성기업,"""01627309"""
한성기업,유가,3680,수산물 가공 및 저장 처리업,1989-01-26,12월,부산광역시,한성기업,"""01397851"""
한성기업,유가,3680,수산물 가공 및 저장 처리업,1989-01-26,12월,부산광역시,한성기업,"""00161860"""
이스타코,유가,15020,부동산 임대 및 공급업,1988-12-23,12월,서울특별시,이스타코,"""00134565"""
태림포장,유가,11280,"골판지, 종이 상자 및 종이용기 제조업",1988-12-20,12월,경기도,태림포장,"""00153524"""
아세아제지,유가,2310,"골판지, 종이 상자 및 종이용기 제조업",1988-12-15,12월,서울특별시,아세아제지,"""00138729"""
화천기계,유가,10660,특수 목적용 기계 제조업,1988-12-12,12월,서울특별시,화천기계,"""00166500"""
CJ씨푸드,유가,11150,기타 식품 제조업,1988-11-26,12월,경기도,CJ씨푸드,"""00129013"""
SHD,유가,1770,1차 철강 제조업,1988-11-23,12월,경기도,SHD,"""00137809"""
조일알미늄,유가,18470,1차 비철금속 제조업,1988-11-22,12월,경상북도,조일알미늄,"""00149239"""
에스엘,유가,5850,자동차 신품 부품 제조업,1988-11-08,12월,대구광역시,에스엘,"""01174773"""
에스엘,유가,5850,자동차 신품 부품 제조업,1988-11-08,12월,대구광역시,에스엘,"""01408351"""
에스엘,유가,5850,자동차 신품 부품 제조업,1988-11-08,12월,대구광역시,에스엘,"""01174214"""
에스엘,유가,5850,자동차 신품 부품 제조업,1988-11-08,12월,대구광역시,에스엘,"""00125521"""
에스엘,유가,5850,자동차 신품 부품 제조업,1988-11-08,12월,대구광역시,에스엘,"""01926389"""
영원무역홀딩스,유가,9970,기타 금융업,1988-11-07,12월,서울특별시,영원무역홀딩스,"""00140964"""
더존비즈온,유가,12510,"컴퓨터 프로그래밍, 시스템 통합 및 관리업",1988-10-28,12월,강원특별자치도,더존비즈온,"""00172291"""
보령,유가,3850,의약품 제조업,1988-10-24,12월,서울특별시,보령,"""00123143"""
이건산업,유가,8250,나무제품 제조업,1988-10-21,12월,인천광역시,이건산업,"""00145446"""
모나리자,유가,12690,기타 종이 및 판지 제품 제조업,1988-10-14,12월,서울특별시,모나리자,"""00173102"""
대구백화점,유가,6370,종합 소매업,1988-10-10,12월,대구광역시,대구백화점,"""00108977"""
우성,유가,6980,"곡물가공품, 전분 및 전분제품 제조업",1988-10-10,12월,대전광역시,우성,"""00513470"""
우성,유가,6980,"곡물가공품, 전분 및 전분제품 제조업",1988-10-10,12월,대전광역시,우성,"""00940285"""
우성,유가,6980,"곡물가공품, 전분 및 전분제품 제조업",1988-10-10,12월,대전광역시,우성,"""01155097"""
우성,유가,6980,"곡물가공품, 전분 및 전분제품 제조업",1988-10-10,12월,대전광역시,우성,"""01840760"""
우성,유가,6980,"곡물가공품, 전분 및 전분제품 제조업",1988-10-10,12월,대전광역시,우성,"""00142661"""
유성기업,유가,2920,자동차 신품 부품 제조업,1988-10-10,12월,충청남도,유성기업,"""00174004"""
한일철강,유가,2220,1차 철강 제조업,1988-10-07,12월,서울특별시,한일철강,"""00174457"""
한일철강,유가,2220,1차 철강 제조업,1988-10-07,12월,서울특별시,한일철강,"""00449874"""
한일철강,유가,2220,1차 철강 제조업,1988-10-07,12월,서울특별시,한일철강,"""00163196"""
삼익악기,유가,2450,악기 제조업,1988-09-30,12월,충청북도,삼익악기,"""00127857"""
HS화성,유가,2460,건물 건설업,1988-09-29,12월,대구광역시,HS화성,"""00174527"""
DN오토모티브,유가,7340,일차전지 및 이차전지 제조업,1988-09-24,12월,경상남도,DN오토모티브,"""00116949"""
보해양조,유가,890,알코올음료 제조업,1988-09-23,12월,전라남도,보해양조,"""00123541"""
상상인증권,유가,1290,금융 지원 서비스업,1988-09-23,12월,서울특별시,상상인증권,"""00112059"""
혜인,유가,3010,기계장비 및 관련 물품 도매업,1988-09-20,12월,서울특별시,혜인,"""00165343"""
금강공업,유가,14280,1차 철강 제조업,1988-09-10,12월,부산광역시,금강공업,"""00105299"""
플레이그램,유가,9810,기타 전문 도매업,1988-08-31,12월,서울특별시,플레이그램,"""00103130"""
율촌화학,유가,8730,플라스틱제품 제조업,1988-08-30,12월,서울특별시,율촌화학,"""00145260"""
신원,유가,9270,봉제의복 제조업,1988-08-24,12월,서울특별시,신원,"""01471959"""
신원,유가,9270,봉제의복 제조업,1988-08-24,12월,서울특별시,신원,"""01625860"""
신원,유가,9270,봉제의복 제조업,1988-08-24,12월,서울특별시,신원,"""00136864"""
신원,유가,9270,봉제의복 제조업,1988-08-24,12월,서울특별시,신원,"""00442783"""
신원,유가,9270,봉제의복 제조업,1988-08-24,12월,서울특별시,신원,"""01404896"""
동방,유가,4140,기타 운송관련 서비스업,1988-08-10,12월,서울특별시,동방,"""01466805"""
동방,유가,4140,기타 운송관련 서비스업,1988-08-10,12월,서울특별시,동방,"""00300247"""
동방,유가,4140,기타 운송관련 서비스업,1988-08-10,12월,서울특별시,동방,"""00115287"""
한국쉘석유,유가,2960,석유 정제품 제조업,1988-08-10,12월,부산광역시,한국쉘석유,"""00158149"""
부광약품,유가,3000,의약품 제조업,1988-08-05,12월,서울특별시,부광약품,"""00123718"""
풍산홀딩스,유가,5810,기타 금융업,1988-07-28,12월,인천광역시,풍산홀딩스,"""00929671"""
풍산홀딩스,유가,5810,기타 금융업,1988-07-28,12월,인천광역시,풍산홀딩스,"""00155531"""
부국증권,유가,1270,금융 지원 서비스업,1988-07-19,12월,서울특별시,부국증권,"""00123772"""
계양전기,유가,12200,일반 목적용 기계 제조업,1988-07-06,12월,서울특별시,계양전기,"""00102618"""
한솔테크닉스,유가,4710,전자부품 제조업,1988-07-06,12월,서울특별시,한솔테크닉스,"""00157399"""
DB증권,유가,16610,금융 지원 서비스업,1988-06-27,12월,서울특별시,DB증권,"""00115694"""
한미사이언스,유가,8930,기타 금융업,1988-06-20,12월,경기도,한미사이언스,"""00161426"""
삼진제약,유가,5500,의약품 제조업,1988-06-18,12월,서울특별시,삼진제약,"""00128412"""
POSCO홀딩스,유가,5490,1차 철강 제조업,1988-06-10,12월,경상북도,POSCO홀딩스,"""00155319"""
범양건영,유가,2410,건물 건설업,1988-05-25,12월,부산광역시,범양건영,"""00122694"""
파미셀,유가,5690,기초 의약물질 제조업,1988-05-20,12월,서울특별시,파미셀,"""00507938"""
파미셀,유가,5690,기초 의약물질 제조업,1988-05-20,12월,서울특별시,파미셀,"""00145163"""
동국홀딩스,유가,1230,기타 금융업,1988-05-09,12월,서울특별시,동국홀딩스,"""00114792"""
대원전선,유가,6340,절연선 및 케이블 제조업,1988-05-04,12월,충청남도,대원전선,"""00260392"""
이수화학,유가,5950,기초 화학물질 제조업,1988-04-28,12월,서울특별시,이수화학,"""00145552"""
삼성증권,유가,16360,금융 지원 서비스업,1988-03-28,12월,서울특별시,삼성증권,"""00104856"""
삼영무역,유가,2810,기타 전문 도매업,1988-03-28,12월,서울특별시,삼영무역,"""00127167"""
한양증권,유가,1750,금융 지원 서비스업,1988-03-04,12월,서울특별시,한양증권,"""00162416"""
금호석유화학,유가,11780,기초 화학물질 제조업,1988-01-22,12월,서울특별시,금호석유화학,"""00106368"""
유안타증권,유가,3470,금융 지원 서비스업,1988-01-21,12월,서울특별시,유안타증권,"""00117601"""
제일파마홀딩스,유가,2620,회사 본부 및 경영 컨설팅 서비스업,1988-01-20,12월,서울특별시,제일파마홀딩스,"""00148443"""
에이엔피,유가,15260,전자부품 제조업,1988-01-18,12월,인천광역시,에이엔피,"""00143314"""
에이엔피,유가,15260,전자부품 제조업,1988-01-18,12월,인천광역시,에이엔피,"""01361801"""
한창제지,유가,9460,"펄프, 종이 및 판지 제조업",1987-12-23,12월,경상남도,한창제지,"""00163761"""
넥센,유가,5720,고무제품 제조업,1987-12-19,12월,경상남도,넥센,"""00261708"""
넥센,유가,5720,고무제품 제조업,1987-12-19,12월,경상남도,넥센,"""00167192"""
삼성공조,유가,6660,자동차 신품 부품 제조업,1987-11-28,12월,경상남도,삼성공조,"""00126201"""
세방전지,유가,4490,일차전지 및 이차전지 제조업,1987-11-28,12월,서울특별시,세방전지,"""00133858"""
진원생명과학,유가,11000,의약품 제조업,1987-11-16,12월,서울특별시,진원생명과학,"""00118521"""
참엔지니어링,유가,9310,특수 목적용 기계 제조업,1987-11-12,12월,경기도,참엔지니어링,"""00269296"""
참엔지니어링,유가,9310,특수 목적용 기계 제조업,1987-11-12,12월,경기도,참엔지니어링,"""00153621"""
한국무브넥스,유가,10100,자동차 신품 부품 제조업,1987-10-02,12월,울산광역시,한국무브넥스,"""00160418"""
코스모신소재,유가,5070,기타 화학제품 제조업,1987-09-28,12월,충청북도,코스모신소재,"""00129989"""
덕성,유가,4830,플라스틱제품 제조업,1987-09-25,12월,경기도,덕성,"""00432315"""
덕성,유가,4830,플라스틱제품 제조업,1987-09-25,12월,경기도,덕성,"""00811576"""
덕성,유가,4830,플라스틱제품 제조업,1987-09-25,12월,경기도,덕성,"""01038639"""
덕성,유가,4830,플라스틱제품 제조업,1987-09-25,12월,경기도,덕성,"""00114093"""
유진증권,유가,1200,금융 지원 서비스업,1987-08-24,12월,서울특별시,유진증권,"""00131054"""
유화증권,유가,3460,금융 지원 서비스업,1987-08-24,12월,서울특별시,유화증권,"""00145190"""
한신기계공업,유가,11700,일반 목적용 기계 제조업,1987-07-24,12월,경기도,한신기계공업,"""00162072"""
코스모화학,유가,5420,기타 화학제품 제조업,1987-07-23,12월,서울특별시,코스모화학,"""00160302"""
가온전선,유가,500,절연선 및 케이블 제조업,1987-06-08,12월,경기도,가온전선,"""00104768"""
S-Oil,유가,10950,석유 정제품 제조업,1987-05-27,12월,서울특별시,S-Oil,"""00138279"""
한화에어로스페이스,유가,12450,"항공기,우주선 및 부품 제조업",1987-05-27,12월,경상남도,한화에어로스페이스,"""00126566"""
삼화전자공업,유가,11230,영상 및 음향기기 제조업,1987-05-25,12월,경기도,삼화전자공업,"""00129280"""
현대제철,유가,4020,1차 철강 제조업,1987-05-23,12월,인천광역시,현대제철,"""00145880"""
써니전자,유가,4770,전자부품 제조업,1987-04-22,12월,충청북도,써니전자,"""00138057"""
현대비앤지스틸,유가,4560,1차 철강 제조업,1987-03-24,12월,경상남도,현대비앤지스틸,"""00125743"""
사조오양,유가,6090,수산물 가공 및 저장 처리업,1986-12-24,12월,서울특별시,사조오양,"""00141875"""
한화투자증권,유가,3530,금융 지원 서비스업,1986-11-25,12월,서울특별시,한화투자증권,"""00262196"""
한화투자증권,유가,3530,금융 지원 서비스업,1986-11-25,12월,서울특별시,한화투자증권,"""00148610"""
삼화전기,유가,9470,전자부품 제조업,1986-11-24,12월,충청북도,삼화전기,"""00129271"""
SK증권,유가,1510,금융 지원 서비스업,1986-09-20,12월,서울특별시,SK증권,"""00131850"""
평화홀딩스,유가,10770,자동차 신품 부품 제조업,1986-03-31,12월,대구광역시,평화홀딩스,"""00155124"""
일신석재,유가,7110,"건축자재, 철물 및 난방장치 도매업",1986-03-04,12월,서울특별시,일신석재,"""00146296"""
KG스틸,유가,16380,1차 철강 제조업,1986-02-03,12월,서울특별시,KG스틸,"""00115676"""
아이에스동서,유가,10780,"시멘트, 석회, 플라스터 및 그 제품 제조업",1986-01-27,12월,서울특별시,아이에스동서,"""00115977"""
SH에너지화학,유가,2360,기초 화학물질 제조업,1985-12-23,12월,전북특별자치도,SH에너지화학,"""00136457"""
대한화섬,유가,3830,화학섬유 제조업,1985-12-23,12월,서울특별시,대한화섬,"""00113544"""
코리아써키트,유가,7810,전자부품 제조업,1985-09-09,12월,경기도,코리아써키트,"""00152686"""
신세계,유가,4170,종합 소매업,1985-08-19,12월,서울특별시,신세계,"""01630808"""
신세계,유가,4170,종합 소매업,1985-08-19,12월,서울특별시,신세계,"""00136378"""
OCI홀딩스,유가,10060,기타 금융업,1985-07-09,12월,서울특별시,OCI홀딩스,"""00148896"""
삼일제약,유가,520,의약품 제조업,1985-05-29,12월,서울특별시,삼일제약,"""00128032"""
인스코비,유가,6490,전기 통신업,1985-01-17,12월,서울특별시,인스코비,"""00122825"""
일성아이에스,유가,3120,의약품 제조업,1985-01-14,12월,서울특별시,일성아이에스,"""00146214"""
현대건설,유가,720,토목 건설업,1984-12-22,12월,서울특별시,현대건설,"""00164478"""
TCC스틸,유가,2710,1차 철강 제조업,1984-12-21,12월,경상북도,TCC스틸,"""00117300"""
에이프로젠바이오로직스,유가,3060,의약품 제조업,1984-10-19,12월,서울특별시,에이프로젠바이오로직스,"""01074376"""
에이프로젠바이오로직스,유가,3060,의약품 제조업,1984-10-19,12월,서울특별시,에이프로젠바이오로직스,"""00101044"""
F&F 홀딩스,유가,7700,기타 금융업,1984-10-04,12월,서울특별시,F&F 홀딩스,"""00126487"""
아남전자,유가,8700,영상 및 음향기기 제조업,1984-08-11,12월,서울특별시,아남전자,"""00138516"""
HD현대미포,유가,10620,선박 및 보트 건조업,1983-12-20,12월,울산광역시,HD현대미포,"""00164609"""
GS건설,유가,6360,건물 건설업,1981-08-03,12월,서울특별시,GS건설,"""00120030"""
삼아알미늄,유가,6110,1차 비철금속 제조업,1980-12-05,12월,경기도,삼아알미늄,"""00126779"""
한국전자홀딩스,유가,6200,기타 금융업,1979-11-30,12월,서울특별시,한국전자홀딩스,"""00159254"""
삼성SDI,유가,6400,일차전지 및 이차전지 제조업,1979-02-27,12월,경기도,삼성SDI,"""00126362"""
삼성전기,유가,9150,전자부품 제조업,1979-02-27,12월,경기도,삼성전기,"""00126371"""
동부건설,유가,5960,토목 건설업,1978-10-30,12월,서울특별시,동부건설,"""01690688"""
동부건설,유가,5960,토목 건설업,1978-10-30,12월,서울특별시,동부건설,"""00115612"""
케이씨티시,유가,9070,도로 화물 운송업,1978-09-29,12월,서울특별시,케이씨티시,"""00103042"""
코오롱글로벌,유가,3070,토목 건설업,1978-09-15,12월,경기도,코오롱글로벌,"""00152880"""
빙그레,유가,5180,동·식물성 유지 및 낙농제품 제조업,1978-08-31,12월,경기도,빙그레,"""00124726"""
녹십자홀딩스,유가,5250,회사 본부 및 경영 컨설팅 서비스업,1978-08-28,12월,경기도,녹십자홀딩스,"""00108135"""
시알홀딩스,유가,480,"내화, 비내화 요업제품 제조업",1978-06-30,12월,전라남도,시알홀딩스,"""00148984"""
남양유업,유가,3920,동·식물성 유지 및 낙농제품 제조업,1978-06-24,12월,서울특별시,남양유업,"""00107598"""
남선알미늄,유가,8350,1차 비철금속 제조업,1978-05-22,12월,대구광역시,남선알미늄,"""00107224"""
한국화장품제조,유가,3350,기타 화학제품 제조업,1978-02-06,12월,서울특별시,한국화장품제조,"""00160621"""
현대코퍼레이션,유가,11760,상품 종합 도매업,1977-12-01,12월,서울특별시,현대코퍼레이션,"""00968971"""
현대코퍼레이션,유가,11760,상품 종합 도매업,1977-12-01,12월,서울특별시,현대코퍼레이션,"""00164812"""
LS,유가,6260,기타 금융업,1977-06-30,12월,서울특별시,LS,"""00105952"""
SK네트웍스,유가,1740,기타 전문 도매업,1977-06-30,12월,경기도,SK네트웍스,"""00131780"""
경농,유가,2100,"비료, 농약 및 살균, 살충제 제조업",1977-06-30,12월,서울특별시,경농,"""00101433"""
티웨이홀딩스,유가,4870,"시멘트, 석회, 플라스터 및 그 제품 제조업",1977-06-30,12월,서울특별시,티웨이홀딩스,"""00109514"""
동방아그로,유가,7590,"비료, 농약 및 살균, 살충제 제조업",1977-06-29,12월,서울특별시,동방아그로,"""00115384"""
송원산업,유가,4430,기타 화학제품 제조업,1977-06-25,12월,울산광역시,송원산업,"""00245357"""
송원산업,유가,4430,기타 화학제품 제조업,1977-06-25,12월,울산광역시,송원산업,"""00134963"""
진흥기업,유가,2780,토목 건설업,1977-06-25,12월,인천광역시,진흥기업,"""00892650"""
진흥기업,유가,2780,토목 건설업,1977-06-25,12월,인천광역시,진흥기업,"""00150828"""
한국석유공업,유가,4090,기타 비금속 광물제품 제조업,1977-06-25,12월,서울특별시,한국석유공업,"""00157991"""
천일고속,유가,650,육상 여객 운송업,1977-06-23,12월,부산광역시,천일고속,"""00151395"""
대원강업,유가,430,자동차 신품 부품 제조업,1977-06-22,12월,충청남도,대원강업,"""00111847"""
조광피혁,유가,4700,"가죽, 가방 및 유사제품 제조업",1977-05-27,12월,충청북도,조광피혁,"""00148939"""
세방,유가,4360,도로 화물 운송업,1977-05-19,12월,부산광역시,세방,"""00133812"""
KBI동양철관,유가,8970,1차 철강 제조업,1977-03-05,12월,충청남도,KBI동양철관,"""00117629"""
대유에이텍,유가,2880,자동차 신품 부품 제조업,1977-02-18,12월,광주광역시,대유에이텍,"""00367862"""
대유에이텍,유가,2880,자동차 신품 부품 제조업,1977-02-18,12월,광주광역시,대유에이텍,"""00149804"""
남광토건,유가,1260,토목 건설업,1976-12-28,12월,경기도,남광토건,"""00107066"""
삼영전자공업,유가,5680,전자부품 제조업,1976-12-28,12월,경기도,삼영전자공업,"""00127200"""
신영와코루,유가,5800,봉제의복 제조업,1976-12-28,12월,서울특별시,신영와코루,"""00136624"""
조비,유가,1550,"비료, 농약 및 살균, 살충제 제조업",1976-12-28,12월,서울특별시,조비,"""00148948"""
한국공항,유가,5430,기타 운송관련 서비스업,1976-12-28,12월,서울특별시,한국공항,"""00156691"""
조광페인트,유가,4910,기타 화학제품 제조업,1976-12-27,12월,부산광역시,조광페인트,"""00148920"""
SB성보,유가,3080,"비료, 농약 및 살균, 살충제 제조업",1976-12-23,12월,경기도,SB성보,"""00132725"""
삼천리,유가,4690,연료용 가스 제조 및 배관공급업,1976-12-23,12월,서울특별시,삼천리,"""00128555"""
조흥,유가,2600,기타 식품 제조업,1976-12-23,12월,경기도,조흥,"""01312878"""
조흥,유가,2600,기타 식품 제조업,1976-12-23,12월,경기도,조흥,"""00667407"""
조흥,유가,2600,기타 식품 제조업,1976-12-23,12월,경기도,조흥,"""01743227"""
조흥,유가,2600,기타 식품 제조업,1976-12-23,12월,경기도,조흥,"""00149345"""
금양,유가,1570,기초 화학물질 제조업,1976-12-17,12월,부산광역시,금양,"""00106119"""
사조대림,유가,3960,수산물 가공 및 저장 처리업,1976-09-16,12월,서울특별시,사조대림,"""00109718"""
비비안,유가,2070,봉제의복 제조업,1976-07-13,12월,서울특별시,비비안,"""00107677"""
SNT다이내믹스,유가,3570,자동차 신품 부품 제조업,1976-07-08,12월,경상남도,SNT다이내믹스,"""00134477"""
한신공영,유가,4960,건물 건설업,1976-07-07,12월,경기도,한신공영,"""00162063"""
농심,유가,4370,기타 식품 제조업,1976-06-30,12월,서울특별시,농심,"""00108241"""
삼영,유가,3720,플라스틱제품 제조업,1976-06-30,12월,서울특별시,삼영,"""00238843"""
삼영,유가,3720,플라스틱제품 제조업,1976-06-30,12월,서울특별시,삼영,"""00173315"""
삼영,유가,3720,플라스틱제품 제조업,1976-06-30,12월,서울특별시,삼영,"""00656599"""
삼영,유가,3720,플라스틱제품 제조업,1976-06-30,12월,서울특별시,삼영,"""01029048"""
삼영,유가,3720,플라스틱제품 제조업,1976-06-30,12월,서울특별시,삼영,"""01726637"""
삼영,유가,3720,플라스틱제품 제조업,1976-06-30,12월,서울특별시,삼영,"""00127255"""
성신양회,유가,4980,"시멘트, 석회, 플라스터 및 그 제품 제조업",1976-06-30,12월,서울특별시,성신양회,"""00132804"""
신라교역,유가,4970,어로 어업,1976-06-30,12월,서울특별시,신라교역,"""00135962"""
신풍,유가,2870,기타 전문 도매업,1976-06-30,12월,서울특별시,신풍,"""00410243"""
신풍,유가,2870,기타 전문 도매업,1976-06-30,12월,서울특별시,신풍,"""00624192"""
신풍,유가,2870,기타 전문 도매업,1976-06-30,12월,서울특별시,신풍,"""00564377"""
신풍,유가,2870,기타 전문 도매업,1976-06-30,12월,서울특별시,신풍,"""00920573"""
신풍,유가,2870,기타 전문 도매업,1976-06-30,12월,서울특별시,신풍,"""00137368"""
종근당홀딩스,유가,1630,의약품 제조업,1976-06-30,12월,서울특별시,종근당홀딩스,"""00149354"""
크라운해태홀딩스,유가,5740,기타 금융업,1976-06-30,12월,서울특별시,크라운해태홀딩스,"""00153126"""
한독,유가,2390,의약품 제조업,1976-06-30,12월,서울특별시,한독,"""01333561"""
한독,유가,2390,의약품 제조업,1976-06-30,12월,서울특별시,한독,"""00161046"""
SG글로벌,유가,1380,자동차 신품 부품 제조업,1976-06-29,12월,충청남도,SG글로벌,"""00152039"""
SK디스커버리,유가,6120,기타 금융업,1976-06-29,12월,경기도,SK디스커버리,"""00131832"""
샘표,유가,7540,기타 금융업,1976-06-29,12월,서울특별시,샘표,"""00130091"""
흥아해운,유가,3280,해상 운송업,1976-06-29,12월,서울특별시,흥아해운,"""00167208"""
GS글로벌,유가,1250,상품 종합 도매업,1976-06-26,12월,서울특별시,GS글로벌,"""00138190"""
금호건설,유가,2990,건물 건설업,1976-06-26,12월,전라남도,금호건설,"""00104005"""
금호건설,유가,2990,건물 건설업,1976-06-26,12월,전라남도,금호건설,"""00106313"""
삼부토건,유가,1470,토목 건설업,1976-06-26,12월,서울특별시,삼부토건,"""00125974"""
삼화콘덴서공업,유가,1820,전자부품 제조업,1976-06-26,12월,경기도,삼화콘덴서공업,"""00129350"""
페이퍼코리아,유가,1020,"펄프, 종이 및 판지 제조업",1976-06-26,12월,전북특별자치도,페이퍼코리아,"""00134723"""
동양,유가,1520,"시멘트, 석회, 플라스터 및 그 제품 제조업",1976-06-25,12월,서울특별시,동양,"""00973308"""
동양,유가,1520,"시멘트, 석회, 플라스터 및 그 제품 제조업",1976-06-25,12월,서울특별시,동양,"""01286120"""
동양,유가,1520,"시멘트, 석회, 플라스터 및 그 제품 제조업",1976-06-25,12월,서울특별시,동양,"""00117337"""
한화,유가,880,기타 화학제품 제조업,1976-06-24,12월,서울특별시,한화,"""00160588"""
JW중외제약,유가,1060,의약품 제조업,1976-06-14,12월,경기도,JW중외제약,"""00149947"""
영풍,유가,670,1차 비철금속 제조업,1976-06-12,12월,서울특별시,영풍,"""00520799"""
영풍,유가,670,1차 비철금속 제조업,1976-06-12,12월,서울특별시,영풍,"""00141307"""
PKC,유가,1340,기초 화학물질 제조업,1976-06-10,12월,전북특별자치도,PKC,"""00122472"""
성창기업지주,유가,180,회사 본부 및 경영 컨설팅 서비스업,1976-06-02,12월,부산광역시,성창기업지주,"""00133335"""
한창,유가,5110,기계장비 및 관련 물품 도매업,1976-06-01,12월,부산광역시,한창,"""01547252"""
한창,유가,5110,기계장비 및 관련 물품 도매업,1976-06-01,12월,부산광역시,한창,"""00225380"""
한창,유가,5110,기계장비 및 관련 물품 도매업,1976-06-01,12월,부산광역시,한창,"""00163716"""
삼화왕관,유가,4450,기타 금속 가공제품 제조업,1976-05-28,12월,경기도,삼화왕관,"""00129235"""
KR모터스,유가,40,그외 기타 운송장비 제조업,1976-05-25,12월,경상남도,KR모터스,"""00112378"""
고려제강,유가,2240,1차 철강 제조업,1976-05-25,12월,부산광역시,고려제강,"""00103006"""
태양금속공업,유가,4100,자동차 신품 부품 제조업,1976-05-25,12월,경기도,태양금속공업,"""00153755"""
SUN&L,유가,2820,나무제품 제조업,1976-05-22,12월,인천광역시,SUN&L,"""00132211"""
DRB동일,유가,4840,고무제품 제조업,1976-05-21,12월,부산광역시,DRB동일,"""00118266"""
넥센타이어,유가,2350,고무제품 제조업,1976-05-19,12월,경상남도,넥센타이어,"""00173874"""
SG세계물산,유가,4060,상품 종합 도매업,1976-04-19,12월,서울특별시,SG세계물산,"""00133511"""
롯데정밀화학,유가,4000,기초 화학물질 제조업,1976-04-15,12월,울산광역시,롯데정밀화학,"""00157681"""
동화약품,유가,20,의약품 제조업,1976-03-24,12월,서울특별시,동화약품,"""00119195"""
DL,유가,210,기초 화학물질 제조업,1976-02-02,12월,서울특별시,DL,"""00109693"""
LX인터내셔널,유가,1120,상품 중개업,1976-01-30,12월,서울특별시,LX인터내셔널,"""00120076"""
국제약품,유가,2720,의약품 제조업,1975-12-27,12월,경기도,국제약품,"""00104722"""
태광산업,유가,3240,화학섬유 제조업,1975-12-27,12월,서울특별시,태광산업,"""01508244"""
태광산업,유가,3240,화학섬유 제조업,1975-12-27,12월,서울특별시,태광산업,"""00153393"""
태광산업,유가,3240,화학섬유 제조업,1975-12-27,12월,서울특별시,태광산업,"""01922116"""
부산주공,유가,5030,자동차 신품 부품 제조업,1975-12-26,12월,부산광역시,부산주공,"""00124151"""
한일현대시멘트,유가,6390,"시멘트, 석회, 플라스터 및 그 제품 제조업",1975-12-26,12월,서울특별시,한일현대시멘트,"""00164672"""
CS홀딩스,유가,590,기타 금융업,1975-12-22,12월,경상북도,CS홀딩스,"""00149026"""
DB하이텍,유가,990,반도체 제조업,1975-12-12,12월,경기도,DB하이텍,"""00160843"""
대림통상,유가,6570,기타 금속 가공제품 제조업,1975-11-20,12월,서울특별시,대림통상,"""00109824"""
유유제약,유가,220,의약품 제조업,1975-11-18,12월,충청북도,유유제약,"""00144818"""
강남제비스코,유가,860,기타 화학제품 제조업,1975-11-12,12월,부산광역시,강남제비스코,"""00100939"""
대신증권,유가,3540,금융 지원 서비스업,1975-10-01,12월,서울특별시,대신증권,"""00110893"""
NH투자증권,유가,5940,금융 지원 서비스업,1975-09-30,12월,서울특별시,NH투자증권,"""00120182"""
미래에셋증권,유가,6800,금융 지원 서비스업,1975-09-30,12월,서울특별시,미래에셋증권,"""00311030"""
미래에셋증권,유가,6800,금융 지원 서비스업,1975-09-30,12월,서울특별시,미래에셋증권,"""00111722"""
신일전자,유가,2700,기계장비 및 관련 물품 도매업,1975-09-30,12월,충청남도,신일전자,"""00173698"""
삼성제약,유가,1360,의약품 제조업,1975-07-04,12월,경기도,삼성제약,"""00126414"""
삼성화재해상보험,유가,810,보험업,1975-06-30,12월,서울특별시,삼성화재해상보험,"""00139214"""
삼양식품,유가,3230,기타 식품 제조업,1975-06-30,12월,서울특별시,삼양식품,"""00126955"""
한화손해보험,유가,370,보험업,1975-06-30,12월,서울특별시,한화손해보험,"""00135917"""
NI스틸,유가,8260,1차 철강 제조업,1975-06-28,12월,서울특별시,NI스틸,"""00116301"""
일동홀딩스,유가,230,의약품 제조업,1975-06-28,12월,서울특별시,일동홀딩스,"""00146083"""
대동,유가,490,특수 목적용 기계 제조업,1975-06-27,12월,대구광역시,대동,"""00109259"""
대동,유가,490,특수 목적용 기계 제조업,1975-06-27,12월,대구광역시,대동,"""00483850"""
대동,유가,490,특수 목적용 기계 제조업,1975-06-27,12월,대구광역시,대동,"""01403727"""
대동,유가,490,특수 목적용 기계 제조업,1975-06-27,12월,대구광역시,대동,"""00109286"""
대동,유가,490,특수 목적용 기계 제조업,1975-06-27,12월,대구광역시,대동,"""01076480"""
대동,유가,490,특수 목적용 기계 제조업,1975-06-27,12월,대구광역시,대동,"""01403985"""
대동,유가,490,특수 목적용 기계 제조업,1975-06-27,12월,대구광역시,대동,"""00236386"""
오리온홀딩스,유가,1800,기타 금융업,1975-06-27,12월,서울특별시,오리온홀딩스,"""00117577"""
깨끗한나라,유가,4540,"펄프, 종이 및 판지 제조업",1975-06-25,12월,서울특별시,깨끗한나라,"""00113492"""
태원물산,유가,1420,자동차 신품 부품 제조업,1975-06-24,12월,서울특별시,태원물산,"""00154055"""
코오롱,유가,2020,기타 금융업,1975-06-23,12월,경기도,코오롱,"""00152862"""
삼성전자,유가,5930,통신 및 방송 장비 제조업,1975-06-11,12월,경기도,삼성전자,"""00126380"""
DH오토넥스,유가,300,자동차 신품 부품 제조업,1975-06-09,12월,전북특별자치도,DH오토넥스,"""00126089"""
BYC,유가,1460,봉제의복 제조업,1975-06-02,12월,서울특별시,BYC,"""00122579"""
KG모빌리티,유가,3620,자동차용 엔진 및 자동차 제조업,1975-05-29,12월,경기도,KG모빌리티,"""00138242"""
SPC삼립,유가,5610,기타 식품 제조업,1975-05-02,12월,경기도,SPC삼립,"""00125530"""
흥국화재,유가,540,보험업,1974-12-05,12월,서울특별시,흥국화재,"""00103176"""
일양약품,유가,7570,의약품 제조업,1974-08-28,12월,경기도,일양약품,"""00146454"""
한진,유가,2320,도로 화물 운송업,1974-08-12,12월,서울특별시,한진,"""01217139"""
한진,유가,2320,도로 화물 운송업,1974-08-12,12월,서울특별시,한진,"""01556807"""
한진,유가,2320,도로 화물 운송업,1974-08-12,12월,서울특별시,한진,"""00163512"""
한국수출포장공업,유가,2200,"골판지, 종이 상자 및 종이용기 제조업",1974-06-28,12월,서울특별시,한국수출포장공업,"""00158112"""
현대자동차,유가,5380,자동차용 엔진 및 자동차 제조업,1974-06-28,12월,서울특별시,현대자동차,"""00164742"""
모나미,유가,5360,생활용품 도매업,1974-06-26,12월,경기도,모나미,"""00121288"""
한화솔루션,유가,9830,기초 화학물질 제조업,1974-06-19,12월,서울특별시,한화솔루션,"""00162461"""
아세아,유가,2030,회사 본부 및 경영 컨설팅 서비스업,1974-06-03,12월,서울특별시,아세아,"""00138701"""
카프로,유가,6380,기초 화학물질 제조업,1974-05-28,12월,울산광역시,카프로,"""00159810"""
롯데지주,유가,4990,기타 금융업,1974-02-16,12월,서울특별시,롯데지주,"""00120562"""
대한방직,유가,1070,직물직조 및 직물제품 제조업,1973-12-28,12월,서울특별시,대한방직,"""00112970"""
서울식품공업,유가,4410,기타 식품 제조업,1973-12-28,12월,충청북도,서울식품공업,"""00130879"""
아이에이치큐,유가,3560,"영화, 비디오물, 방송프로그램 제작 및 배급업",1973-12-18,12월,서울특별시,아이에이치큐,"""00154426"""
LS네트웍스,유가,680,상품 종합 도매업,1973-11-15,12월,경상남도,LS네트웍스,"""00104698"""
금호전기,유가,1210,전구 및 조명장치 제조업,1973-11-15,12월,서울특별시,금호전기,"""00106395"""
하이트진로홀딩스,유가,140,기타 금융업,1973-09-19,12월,서울특별시,하이트진로홀딩스,"""00148993"""
노루홀딩스,유가,320,기타 금융업,1973-08-10,12월,경기도,노루홀딩스,"""00113508"""
기아,유가,270,자동차용 엔진 및 자동차 제조업,1973-07-21,12월,서울특별시,기아,"""01664948"""
기아,유가,270,자동차용 엔진 및 자동차 제조업,1973-07-21,12월,서울특별시,기아,"""00106641"""
효성,유가,4800,기타 금융업,1973-06-30,12월,서울특별시,효성,"""00677918"""
효성,유가,4800,기타 금융업,1973-06-30,12월,서울특별시,효성,"""00117188"""
CJ,유가,1040,기타 금융업,1973-06-29,12월,서울특별시,CJ,"""00148540"""
두산,유가,150,기타 금융업,1973-06-29,12월,서울특별시,두산,"""00117212"""
휴스틸,유가,5010,1차 철강 제조업,1973-06-29,12월,서울특별시,휴스틸,"""00156488"""
DB손해보험,유가,5830,보험업,1973-06-28,12월,서울특별시,DB손해보험,"""00159102"""
TYM,유가,2900,특수 목적용 기계 제조업,1973-06-26,12월,서울특별시,TYM,"""00117230"""
대웅,유가,3090,의약품 제조업,1973-06-26,12월,경기도,대웅,"""00521220"""
대웅,유가,3090,의약품 제조업,1973-06-26,12월,경기도,대웅,"""01045949"""
대웅,유가,3090,의약품 제조업,1973-06-26,12월,경기도,대웅,"""01747481"""
대웅,유가,3090,의약품 제조업,1973-06-26,12월,경기도,대웅,"""00111810"""
대웅,유가,3090,의약품 제조업,1973-06-26,12월,경기도,대웅,"""00407160"""
대웅,유가,3090,의약품 제조업,1973-06-26,12월,경기도,대웅,"""01954771"""
진양산업,유가,3780,플라스틱제품 제조업,1973-06-26,12월,경상남도,진양산업,"""01016761"""
진양산업,유가,3780,플라스틱제품 제조업,1973-06-26,12월,경상남도,진양산업,"""01022407"""
진양산업,유가,3780,플라스틱제품 제조업,1973-06-26,12월,경상남도,진양산업,"""01459416"""
진양산업,유가,3780,플라스틱제품 제조업,1973-06-26,12월,경상남도,진양산업,"""00150439"""
영진약품,유가,3520,의약품 제조업,1973-06-25,12월,서울특별시,영진약품,"""00141149"""
케이씨씨,유가,2380,기타 화학제품 제조업,1973-06-25,12월,서울특별시,케이씨씨,"""00105271"""
롯데칠성음료,유가,5300,비알코올음료 및 얼음 제조업,1973-06-21,12월,서울특별시,롯데칠성음료,"""00120571"""
일신방직,유가,3200,방적 및 가공사 제조업,1973-05-23,12월,서울특별시,일신방직,"""00146269"""
아모레퍼시픽홀딩스,유가,2790,기타 화학제품 제조업,1973-04-30,12월,서울특별시,아모레퍼시픽홀딩스,"""00154462"""
제주은행,유가,6220,은행 및 저축기관,1972-12-28,12월,제주특별자치도,제주은행,"""00148832"""
한솔홀딩스,유가,4150,기타 금융업,1972-05-17,12월,서울특별시,한솔홀딩스,"""00171636"""
벽산,유가,7210,기타 비금속 광물제품 제조업,1972-01-04,12월,서울특별시,벽산,"""01283895"""
벽산,유가,7210,기타 비금속 광물제품 제조업,1972-01-04,12월,서울특별시,벽산,"""00122898"""
롯데손해보험,유가,400,보험업,1971-04-16,12월,서울특별시,롯데손해보험,"""00113562"""
대한제분,유가,1130,"곡물가공품, 전분 및 전분제품 제조업",1970-11-25,12월,서울특별시,대한제분,"""00113243"""
대상,유가,1680,기타 식품 제조업,1970-04-01,12월,서울특별시,대상,"""00121941"""
LG,유가,3550,기타 금융업,1970-02-13,12월,서울특별시,LG,"""00120021"""
동아쏘시오홀딩스,유가,640,기타 금융업,1970-02-10,12월,서울특별시,동아쏘시오홀딩스,"""00116824"""
코리안리,유가,3690,재 보험업,1969-12-22,12월,서울특별시,코리안리,"""00113191"""
한국주철관공업,유가,970,1차 철강 제조업,1969-12-12,12월,부산광역시,한국주철관공업,"""00159573"""
한일홀딩스,유가,3300,"시멘트, 석회, 플라스터 및 그 제품 제조업",1969-11-20,12월,서울특별시,한일홀딩스,"""00162993"""
엔피씨,유가,4250,플라스틱제품 제조업,1969-09-08,12월,경기도,엔피씨,"""00563165"""
엔피씨,유가,4250,플라스틱제품 제조업,1969-09-08,12월,경기도,엔피씨,"""00108038"""
세아제강지주,유가,3030,기타 금융업,1969-05-13,12월,서울특별시,세아제강지주,"""00124197"""
대한전선,유가,1440,절연선 및 케이블 제조업,1968-12-27,12월,경기도,대한전선,"""00113207"""
대한제당,유가,1790,"곡물가공품, 전분 및 전분제품 제조업",1968-12-27,12월,인천광역시,대한제당,"""00113234"""
삼양홀딩스,유가,70,기타 금융업,1968-12-27,12월,서울특별시,삼양홀딩스,"""00126937"""
세기상사,유가,2420,연료 소매업,1968-12-27,12월,서울특별시,세기상사,"""00133618"""
한국앤컴퍼니,유가,240,기타 금융업,1968-12-27,12월,경기도,한국앤컴퍼니,"""00160047"""
전방,유가,950,방적 및 가공사 제조업,1968-10-21,12월,서울특별시,전방,"""00147222"""
대한항공,유가,3490,항공 여객 운송업,1966-03-18,12월,서울특별시,대한항공,"""00113526"""
디아이동일,유가,1530,상품 중개업,1964-01-04,12월,서울특별시,디아이동일,"""00118345"""
유한양행,유가,100,의약품 제조업,1962-11-01,12월,서울특별시,유한양행,"""00145109"""
CJ대한통운,유가,120,도로 화물 운송업,1956-07-02,12월,서울특별시,CJ대한통운,"""00113410"""
경방,유가,50,종합 소매업,1956-03-03,12월,서울특별시,경방,"""00101628"""
유수홀딩스,유가,700,회사 본부 및 경영 컨설팅 서비스업,1956-03-03,12월,서울특별시,유수홀딩스,"""00163691"""
한진중공업홀딩스,유가,3480,연료용 가스 제조 및 배관공급업,1956-03-03,12월,경기도,한진중공업홀딩스,"""00163673"""
